cd source/daemon && cargo llvm-cov  --workspace --summary-only \
	--ignore-filename-regex '(main\.rs|noop_.*\.rs|db\.rs|web\.rs|api/mod\.rs|auth_context\.rs|command\.rs|policy_router_netlink\.rs|firewall_netlink\.rs|route_monitor\.rs|mdns_advertiser\.rs|pnet_network_probe\.rs|garp_pnet\.rs|tunnel_exit_probe\.rs|tunnel_throughput_tester\.rs|tunnel_latency_prober\.rs|inbound_wg_peer_monitor\.rs|linux_watchdog\.rs|wardnet-test-agent/.*|wardnetd-mock/src/events\.rs|wardnetd-data/src/lib\.rs)'
info: cargo-llvm-cov currently setting cfg(coverage); you can opt-out it by passing --no-cfg-coverage
I will run `rustup component add llvm-tools-preview --toolchain 1.96-x86_64-unknown-linux-gnu` to install the `llvm-tools-preview` component for the selected toolchain.
Proceed? [Y/n] info: downloading component llvm-tools
   Compiling proc-macro2 v1.0.106
   Compiling quote v1.0.45
   Compiling unicode-ident v1.0.24
   Compiling cfg-if v1.0.4
   Compiling libc v0.2.186
   Compiling memchr v2.8.0
   Compiling serde v1.0.228
   Compiling version_check v0.9.5
   Compiling typenum v1.19.0
   Compiling pin-project-lite v0.2.17
   Compiling serde_core v1.0.228
   Compiling syn v2.0.117
   Compiling itoa v1.0.17
   Compiling getrandom v0.2.17
   Compiling log v0.4.29
   Compiling smallvec v1.15.1
   Compiling subtle v2.6.1
   Compiling portable-atomic v1.13.1
   Compiling futures-core v0.3.32
   Compiling critical-section v1.2.0
   Compiling scopeguard v1.2.0
   Compiling lock_api v0.4.14
   Compiling once_cell v1.21.3
   Compiling bytes v1.11.1
   Compiling rand_core v0.6.4
   Compiling generic-array v0.14.7
   Compiling shlex v1.3.0
   Compiling parking_lot_core v0.9.12
   Compiling jobserver v0.1.34
   Compiling find-msvc-tools v0.1.9
   Compiling autocfg v1.5.0
   Compiling cc v1.2.56
   Compiling tracing-core v0.1.36
   Compiling synstructure v0.13.2
   Compiling futures-io v0.3.32
   Compiling futures-sink v0.3.32
   Compiling futures-task v0.3.32
   Compiling thiserror v2.0.18
   Compiling parking_lot v0.12.5
   Compiling socket2 v0.6.4
   Compiling const-oid v0.9.6
   Compiling futures-channel v0.3.32
   Compiling zeroize_derive v1.4.3
   Compiling serde_derive v1.0.228
   Compiling zerofrom-derive v0.1.6
   Compiling yoke-derive v0.8.1
   Compiling zeroize v1.8.2
   Compiling displaydoc v0.2.5
   Compiling zerofrom v0.1.6
   Compiling zerovec-derive v0.11.2
   Compiling tracing-attributes v0.1.31
   Compiling crypto-common v0.1.7
   Compiling thiserror-impl v2.0.18
   Compiling futures-macro v0.3.32
   Compiling tracing v0.1.44
   Compiling mio v1.2.0
   Compiling errno v0.3.14
   Compiling equivalent v1.0.2
   Compiling slab v0.4.12
   Compiling signal-hook-registry v1.4.8
   Compiling tokio-macros v2.7.0
   Compiling allocator-api2 v0.2.21
   Compiling futures-util v0.3.32
   Compiling foldhash v0.2.0
   Compiling hashbrown v0.16.1
   Compiling tokio v1.53.0
   Compiling percent-encoding v2.3.2
   Compiling block-buffer v0.10.4
   Compiling stable_deref_trait v1.2.1
   Compiling digest v0.10.7
   Compiling cpufeatures v0.2.17
   Compiling zmij v1.0.21
   Compiling yoke v0.8.1
   Compiling serde_json v1.0.150
   Compiling zerovec v0.11.5
   Compiling indexmap v2.13.0
   Compiling litemap v0.8.1
   Compiling writeable v0.6.2
   Compiling http v1.4.2
   Compiling tinystr v0.8.2
   Compiling aho-corasick v1.1.4
   Compiling icu_properties_data v2.1.2
   Compiling regex-syntax v0.8.10
   Compiling icu_normalizer_data v2.1.1
   Compiling tokio-util v0.7.18
   Compiling form_urlencoded v1.2.2
   Compiling bitflags v2.11.0
   Compiling base64 v0.22.1
   Compiling cmake v0.1.57
   Compiling dunce v1.0.5
   Compiling fs_extra v1.3.0
   Compiling aws-lc-sys v0.39.1
   Compiling rustls-pki-types v1.14.0
   Compiling ring v0.17.14
   Compiling num-traits v0.2.19
   Compiling anyhow v1.0.103
   Compiling httparse v1.10.1
   Compiling ipnet v2.12.0
   Compiling zerocopy v0.8.42
   Compiling aws-lc-rs v1.16.2
   Compiling utf8_iter v1.0.4
   Compiling untrusted v0.9.0
   Compiling rand_core v0.10.0
   Compiling http-body v1.0.1
   Compiling zerocopy-derive v0.8.42
   Compiling fnv v1.0.7
   Compiling pin-utils v0.1.0
   Compiling getrandom v0.4.2
   Compiling atomic-waker v1.1.2
   Compiling h2 v0.4.13
   Compiling icu_locale_core v2.1.1
   Compiling potential_utf v0.1.4
   Compiling zerotrie v0.2.3
   Compiling untrusted v0.7.1
   Compiling tower-service v0.3.3
   Compiling icu_collections v2.1.1
   Compiling httpdate v1.0.3
   Compiling icu_provider v2.1.1
   Compiling try-lock v0.2.5
   Compiling want v0.3.1
   Compiling rustls v0.23.41
   Compiling icu_normalizer v2.1.1
   Compiling hyper v1.8.1
   Compiling icu_properties v2.1.2
   Compiling http-body-util v0.1.3
   Compiling either v1.15.0
   Compiling sync_wrapper v1.0.2
   Compiling iana-time-zone v0.1.65
   Compiling idna_adapter v1.2.1
   Compiling hyper-util v0.1.20
   Compiling idna v1.1.0
   Compiling time-core v0.1.8
   Compiling num-conv v0.2.0
   Compiling tower-layer v0.3.3
   Compiling powerfmt v0.2.0
   Compiling time-macros v0.2.27
   Compiling deranged v0.5.8
   Compiling url v2.5.8
   Compiling webpki-roots v1.0.6
   Compiling base64ct v1.8.3
   Compiling time v0.3.47
   Compiling tower v0.5.3
   Compiling regex-automata v0.4.14
   Compiling spin v0.9.8
   Compiling cpufeatures v0.3.0
   Compiling ppv-lite86 v0.2.21
   Compiling getrandom v0.3.4
   Compiling sha2 v0.10.9
   Compiling hmac v0.12.1
   Compiling inout v0.1.4
   Compiling thiserror v1.0.69
   Compiling lazy_static v1.5.0
   Compiling cipher v0.4.4
   Compiling thiserror-impl v1.0.69
   Compiling regex v1.12.3
   Compiling mime v0.3.17
   Compiling ryu v1.0.23
   Compiling rustc-hash v2.1.1
   Compiling crossbeam-utils v0.8.21
   Compiling rand_core v0.9.5
   Compiling pem-rfc7468 v0.7.0
   Compiling chrono v0.4.45
   Compiling futures-executor v0.3.32
   Compiling der_derive v0.7.3
   Compiling data-encoding v2.10.0
   Compiling flagset v0.4.7
   Compiling sha1_smol v1.0.1
   Compiling uuid v1.24.0
   Compiling der v0.7.10
   Compiling rand_chacha v0.9.0
   Compiling serde_urlencoded v0.7.1
   Compiling paste v1.0.15
   Compiling pkg-config v0.3.32
   Compiling vcpkg v0.2.15
   Compiling spki v0.7.3
   Compiling rand v0.9.2
   Compiling unic-langid-impl v0.9.6
   Compiling hybrid-array v0.4.8
   Compiling semver v1.0.28
   Compiling minimal-lexical v0.2.1
   Compiling rustc_version v0.4.1
   Compiling unic-langid v0.9.6
   Compiling matchers v0.2.0
   Compiling sharded-slab v0.1.7
   Compiling tokio-stream v0.1.18
   Compiling tracing-serde v0.2.0
   Compiling async-trait v0.1.89
   Compiling tracing-log v0.2.0
   Compiling thread_local v1.1.9
   Compiling openssl-probe v0.2.1
   Compiling parking v2.2.1
   Compiling nu-ansi-term v0.50.3
   Compiling rustix v1.1.4
   Compiling tracing-subscriber v0.3.23
   Compiling rustls-native-certs v0.8.3
   Compiling block-buffer v0.12.0
   Compiling crypto-common v0.2.1
   Compiling type-map v0.5.1
   Compiling sha1 v0.10.6
   Compiling universal-hash v0.5.1
   Compiling heck v0.5.0
   Compiling unicase v2.9.0
   Compiling linux-raw-sys v0.12.1
   Compiling const-oid v0.10.2
   Compiling crc-catalog v2.4.0
   Compiling same-file v1.0.6
   Compiling opaque-debug v0.3.1
   Compiling crc v3.4.0
   Compiling walkdir v2.5.0
   Compiling digest v0.11.2
   Compiling mime_guess v2.0.5
   Compiling pkcs8 v0.10.2
   Compiling hkdf v0.12.4
   Compiling hashlink v0.11.0
   Compiling ff v0.13.1
   Compiling multer v3.1.0
   Compiling base16ct v0.2.0
   Compiling crc32fast v1.5.0
   Compiling sec1 v0.7.3
   Compiling group v0.13.0
   Compiling sha2 v0.11.0
   Compiling concurrent-queue v2.5.0
   Compiling libsqlite3-sys v0.30.1
   Compiling futures v0.3.32
   Compiling webpki-roots v0.26.11
   Compiling signature v2.2.0
   Compiling fluent-syntax v0.12.0
   Compiling crypto-bigint v0.5.5
   Compiling encoding_rs v0.8.35
   Compiling rustversion v1.0.22
   Compiling self_cell v1.2.2
   Compiling adler2 v2.0.1
   Compiling simd-adler32 v0.3.8
   Compiling elliptic-curve v0.13.8
   Compiling miniz_oxide v0.8.9
   Compiling event-listener v5.4.1
   Compiling rust-embed-utils v8.12.0
   Compiling polyval v0.6.2
   Compiling crossbeam-queue v0.3.12
   Compiling futures-intrusive v0.5.0
   Compiling axum-core v0.5.6
   Compiling tower-http v0.6.11
   Compiling aead v0.5.2
   Compiling axum-macros v0.5.1
   Compiling curve25519-dalek-derive v0.1.1
   Compiling pin-project-internal v1.1.11
   Compiling serde_path_to_error v0.1.20
   Compiling cookie v0.18.1
   Compiling strsim v0.11.1
   Compiling matchit v0.8.4
   Compiling hex v0.4.3
   Compiling sqlx-core v0.9.0
   Compiling pin-project v1.1.11
   Compiling ghash v0.5.1
   Compiling rust-embed-impl v8.12.0
   Compiling atoi v2.0.0
   Compiling flume v0.12.0
   Compiling curve25519-dalek v4.1.3
   Compiling utoipa-gen v5.5.0
   Compiling aes v0.8.4
   Compiling ctr v0.9.2
   Compiling rfc6979 v0.4.0
   Compiling chacha20 v0.10.0
   Compiling basic-toml v0.1.10
   Compiling toml v0.5.11
   Compiling siphasher v1.0.2
   Compiling winnow v1.0.1
   Compiling toml_parser v1.1.2+spec-1.1.0
   Compiling find-crate v0.6.3
   Compiling i18n-config v0.4.8
   Compiling rand v0.10.2
   Compiling ecdsa v0.16.9
   Compiling aes-gcm v0.10.3
   Compiling sqlx-sqlite v0.9.0
   Compiling utoipa v5.5.0
   Compiling arc-swap v1.9.2
   Compiling flate2 v1.1.9
   Compiling primeorder v0.13.6
   Compiling intl-memoizer v0.5.3
   Compiling fluent-langneg v0.13.1
   Compiling intl_pluralrules v7.0.2
   Compiling nom v7.1.3
   Compiling salsa20 v0.10.2
   Compiling pbkdf2 v0.12.2
   Compiling serde_spanned v1.1.1
   Compiling toml_datetime v1.1.1+spec-1.1.0
   Compiling dotenvy v0.15.7
   Compiling toml_writer v1.1.2+spec-1.1.0
   Compiling litrs v1.0.0
   Compiling tinyvec_macros v0.1.1
   Compiling psl-types v2.0.11
   Compiling publicsuffix v2.3.0
   Compiling document-features v0.2.12
   Compiling tinyvec v1.10.0
   Compiling rand v0.8.5
   Compiling toml v1.1.3+spec-1.1.0
   Compiling sqlx-macros-core v0.9.0
   Compiling rusticata-macros v4.1.0
   Compiling scrypt v0.11.0
   Compiling fluent-bundle v0.16.0
   Compiling p256 v0.13.2
   Compiling i18n-embed-impl v0.8.4
   Compiling phf_shared v0.11.3
   Compiling xattr v1.6.1
   Compiling poly1305 v0.8.0
   Compiling prefix-trie v0.8.2
   Compiling chacha20 v0.9.1
   Compiling itertools v0.13.0
   Compiling asn1-rs-impl v0.2.0
   Compiling asn1-rs-derive v0.6.0
   Compiling filetime v0.2.27
   Compiling tar v0.4.46
   Compiling asn1-rs v0.7.2
   Compiling hickory-proto v0.26.1
   Compiling chacha20poly1305 v0.10.1
   Compiling phf_generator v0.11.3
   Compiling fluent v0.17.0
   Compiling sqlx-macros v0.9.0
   Compiling cookie_store v0.22.1
   Compiling rustls-webpki v0.103.13
   Compiling rust-embed v8.12.0
   Compiling curve25519-dalek v5.0.0
   Compiling rand_chacha v0.3.1
   Compiling password-hash v0.5.0
   Compiling num-integer v0.1.46
   Compiling blake2 v0.10.6
   Compiling proc-macro-error-attr2 v2.0.0
   Compiling wardnetd-data v0.7.0 (/home/user/wardnet/source/daemon/crates/wardnetd-data)
   Compiling oid-registry v0.8.1
   Compiling utf8parse v0.2.2
   Compiling minisign-verify v0.2.5
   Compiling keccak v0.1.6
   Compiling anstyle-parse v1.0.0
   Compiling sha3 v0.10.9
   Compiling proc-macro-error2 v2.0.1
   Compiling argon2 v0.5.3
   Compiling num-bigint v0.4.6
   Compiling i18n-embed v0.16.0
   Compiling sqlx v0.9.0
   Compiling phf_macros v0.11.3
   Compiling hpke v0.12.0
   Compiling x25519-dalek v2.0.1
   Compiling wardnet-common v0.7.0 (/home/user/wardnet/source/daemon/crates/wardnet-common)
   Compiling cookie-factory v0.3.3
   Compiling yasna v0.6.0
   Compiling pem v3.0.6
   Compiling tokio-rustls v0.26.4
   Compiling rustls-platform-verifier v0.6.2
   Compiling tungstenite v0.29.0
   Compiling hyper-rustls v0.27.7
   Compiling reqwest v0.12.28
   Compiling tokio-tungstenite v0.29.0
   Compiling axum v0.8.9
   Compiling kem v0.3.0-pre.0
   Compiling secrecy v0.10.3
   Compiling hybrid-array v0.2.3
   Compiling nom v8.0.0
   Compiling is_terminal_polyfill v1.70.2
   Compiling bech32 v0.11.1
   Compiling colorchoice v1.0.4
   Compiling io_tee v0.1.1
   Compiling anstyle-query v1.1.5
   Compiling anstyle v1.0.13
   Compiling age-core v0.12.0
   Compiling anstream v1.0.0
   Compiling ml-kem v0.2.3
   Compiling rcgen v0.14.8
   Compiling phf v0.11.3
   Compiling i18n-embed-fl v0.10.0
   Compiling der-parser v10.0.0
   Compiling ece-native v0.4.0
   Compiling ed25519 v2.2.3
   Compiling x509-cert v0.2.5
   Compiling winnow v0.7.15
   Compiling wardnetd-services v0.7.0 (/home/user/wardnet/source/daemon/crates/wardnetd-services)
   Compiling ipnetwork v0.21.1
   Compiling cfg_aliases v0.2.1
   Compiling clap_lex v1.0.0
   Compiling clap_builder v4.6.0
   Compiling cron v0.16.0
   Compiling cms v0.2.3
   Compiling age v0.12.1
   Compiling ed25519-dalek v2.2.0
   Compiling web-push-native v0.4.0
   Compiling x25519-dalek v3.0.0
   Compiling x509-parser v0.18.1
   Compiling instant-acme v0.8.5
   Compiling clap_derive v4.6.1
   Compiling headers-core v0.3.0
   Compiling sysinfo v0.39.6
   Compiling glob v0.3.3
   Compiling fastrand v2.4.1
   Compiling no-std-net v0.6.0
   Compiling pnet_base v0.35.0
   Compiling clang-sys v1.8.1
   Compiling clap v4.6.1
   Compiling headers v0.4.1
   Compiling prost-derive v0.14.3
   Compiling serde_html_form v0.2.8
   Compiling prettyplease v0.2.37
   Compiling byteorder v1.5.0
   Compiling axum-extra v0.12.6
   Compiling netlink-packet-utils v0.5.2
   Compiling tempfile v3.27.0
   Compiling utoipa-axum v0.2.0
   Compiling opentelemetry v0.32.0
   Compiling netlink-packet-core v0.7.0
   Compiling pnet_macros_support v0.35.0
   Compiling prost v0.14.3
   Compiling pnet_macros v0.35.0
   Compiling hyper-timeout v0.5.2
   Compiling memoffset v0.6.5
   Compiling memoffset v0.9.1
   Compiling libloading v0.8.9
   Compiling bindgen v0.72.1
   Compiling pnet_packet v0.35.0
   Compiling tonic v0.14.5
   Compiling cexpr v0.6.0
   Compiling nix v0.31.3
   Compiling netlink-packet-core v0.8.1
   Compiling netlink-sys v0.8.8
   Compiling pnet_sys v0.35.0
   Compiling proc-macro2-diagnostics v0.10.1
   Compiling object v0.37.3
   Compiling crossbeam-epoch v0.9.20
   Compiling netlink-packet-generic v0.3.3
   Compiling nix v0.30.1
   Compiling reqwest v0.13.2
   Compiling crossbeam-channel v0.5.15
   Compiling debugid v0.8.0
   Compiling half v2.7.1
   Compiling ipnetwork v0.20.0
   Compiling equator-macro v0.4.2
   Compiling alloca v0.4.0
   Compiling findshlibs v0.10.2
   Compiling fs-err v3.3.0
   Compiling memmap2 v0.9.11
   Compiling no_std_io2 v0.9.3
   Compiling yansi v1.0.1
   Compiling rle-decode-fast v1.0.3
   Compiling gimli v0.32.3
   Compiling object v0.39.1
   Compiling symbolic-demangle v13.1.1
   Compiling ciborium-io v0.2.2
   Compiling linked-hash-map v0.5.6
   Compiling arrayvec v0.7.6
   Compiling bitflags v1.3.2
   Compiling rustc-demangle v0.1.27
   Compiling twox-hash v2.1.2
   Compiling pnet v0.35.0
   Compiling ruzstd v0.8.3
   Compiling addr2line v0.25.1
   Compiling nix v0.25.1
   Compiling pe-unwind-info v0.6.0
   Compiling lru-cache v0.1.2
   Compiling ciborium-ll v0.2.2
   Compiling libflate_lz77 v2.3.0
   Compiling symbolic-common v13.1.1
   Compiling rustables v0.8.8
   Compiling equator v0.4.2
   Compiling pnet_datalink v0.35.0
   Compiling pnet_transport v0.35.0
   Compiling tonic-prost v0.14.5
   Compiling prost-types v0.14.3
   Compiling opentelemetry_sdk v0.32.1
   Compiling netlink-packet-route v0.21.0
   Compiling macho-unwind-info v0.5.0
   Compiling rtoolbox v0.0.5
   Compiling dary_heap v0.3.8
   Compiling cast v0.3.0
   Compiling gimli v0.33.0
   Compiling pyroscope v2.1.0
   Compiling tagptr v0.2.0
   Compiling fallible-iterator v0.3.0
   Compiling adler32 v1.2.0
   Compiling libflate v2.3.0
   Compiling framehop v0.16.0
   Compiling moka v0.12.15
   Compiling criterion-plot v0.8.2
   Compiling netlink-request v2.0.0
   Compiling rpassword v7.5.2
   Compiling opentelemetry-proto v0.32.0
   Compiling backtrace v0.3.76
   Compiling tonic-types v0.14.5
   Compiling aligned-vec v0.6.4
   Compiling rustables-macros v0.1.2
   Compiling ciborium v0.2.2
   Compiling hickory-net v0.26.1
   Compiling opentelemetry-http v0.32.0
   Compiling netlink-packet-wireguard v0.2.3
   Compiling netlink-proto v0.12.0
   Compiling netlink-packet-route v0.30.0
   Compiling wardnetd-api v0.7.0 (/home/user/wardnet/source/daemon/crates/wardnetd-api)
   Compiling tinytemplate v1.2.1
   Compiling async-recursion v1.1.1
   Compiling dhcproto-macros v0.2.0
   Compiling socket-pktinfo v0.4.0
   Compiling spin v0.12.0
   Compiling if-addrs v0.15.0
   Compiling page_size v0.6.0
   Compiling ct-codecs v1.1.6
   Compiling wardnetd v0.7.0 (/home/user/wardnet/source/daemon/crates/wardnetd)
   Compiling symlink v0.1.0
   Compiling anes v0.1.6
   Compiling resolv-conf v0.7.6
   Compiling base64 v0.13.1
   Compiling oorandom v11.1.5
   Compiling wardnet-postupgrade-runner v0.7.0 (/home/user/wardnet/source/daemon/crates/wardnet-postupgrade-runner)
   Compiling criterion v0.8.2
   Compiling wireguard-control v2.0.0
   Compiling hickory-resolver v0.26.1
   Compiling tracing-appender v0.2.5
   Compiling minisign v0.9.1
   Compiling mdns-sd v0.20.2
   Compiling dhcproto v0.15.0
   Compiling rtnetlink v0.21.0
   Compiling opentelemetry-otlp v0.32.0
   Compiling axum-server v0.8.0
   Compiling netlink-packet-route v0.31.0
   Compiling surge-ping v0.9.0
   Compiling opentelemetry-appender-tracing v0.32.0
   Compiling tracing-opentelemetry v0.33.0
   Compiling wardnet-postupgrade v0.7.0 (/home/user/wardnet/source/daemon/crates/wardnet-postupgrade)
   Compiling sd-notify v0.5.0
   Compiling num_cpus v1.17.0
   Compiling deadpool-runtime v0.1.4
   Compiling deadpool v0.12.3
   Compiling assert-json-diff v2.0.2
   Compiling wctl v0.7.0 (/home/user/wardnet/source/daemon/crates/wctl)
   Compiling wiremock v0.6.5
   Compiling wardnetd-mock v0.7.0 (/home/user/wardnet/source/daemon/crates/wardnetd-mock)
   Compiling wardnet-test-agent v0.7.0 (/home/user/wardnet/source/daemon/crates/wardnet-test-agent)
    Finished `test` profile [unoptimized + debuginfo] target(s) in 5m 14s
     Running unittests src/lib.rs (target/llvm-cov-target/debug/deps/wardnet_common-e019b44d4c2965bf)

running 161 tests
test tests::api::login_request_debug_redacts_password ... ok
test tests::api::api_error_includes_some_detail ... ok
test tests::api::export_backup_request_debug_redacts_passphrase ... ok
test tests::api::api_error_skips_none_detail ... ok
test tests::api::set_my_rule_request_deserializes_direct ... ok
test tests::api::set_my_rule_request_deserializes_tunnel ... ok
test tests::api::setup_request_debug_redacts_password ... ok
test tests::api::update_network_zone_request_subnet_is_three_state ... ok
test tests::auth::api_key_record_round_trip ... ok
test tests::auth::auth_context_device_mac ... ok
test tests::auth::auth_context_is_admin ... ok
test tests::auth::role_round_trip ... ok
test tests::config::default_speed_test_url_requests_a_payload_cloudflare_will_serve ... ok
test tests::config::admin_config_debug_redacts_password ... ok
test tests::auth::session_round_trip ... ok
test tests::config::ddns_wardnet_overrides_default_to_none ... ok
test tests::config::defaults_when_file_missing ... ok
test tests::config::is_provider_enabled_default_true ... ok
test tests::config::is_provider_enabled_explicit_false ... ok
test tests::config::is_provider_enabled_explicit_true ... ok
test tests::config::load_nordvpn_api_url_override ... ok
test tests::config::load_ddns_wardnet_overrides ... ok
test tests::config::load_from_toml_file ... ok
test tests::config::load_secret_store_file_system_section ... ok
test tests::config::nordvpn_api_url_defaults_to_none ... ok
test tests::config::to_filter_string_with_overrides ... ok
test tests::device::device_type_rename_snake_case ... ok
test tests::device::device_round_trip ... ok
test tests::device::device_type_round_trip ... ok
test tests::config::unknown_nested_key_is_rejected ... ok
test tests::config::unknown_top_level_key_is_rejected ... ok
test tests::dhcp::dhcp_config_round_trip ... ok
test tests::dhcp::dhcp_lease_log_round_trip ... ok
test tests::dhcp::lease_event_type_round_trip ... ok
test tests::dhcp::lease_event_type_snake_case_rename ... ok
test tests::dhcp::lease_status_round_trip ... ok
test tests::dhcp::dhcp_lease_round_trip ... ok
test tests::dhcp::lease_status_snake_case_rename ... ok
test tests::dns::all_is_complete ... ok
test tests::dns::as_str_round_trips_through_parse ... ok
test tests::dhcp::dhcp_reservation_round_trip ... ok
test tests::dns::allowlist_entry_round_trip ... ok
test tests::dns::conditional_forwarding_rule_round_trip ... ok
test tests::dns::create_allowlist_request_no_reason_omits_field ... ok
test tests::dns::blocklist_round_trip ... ok
test tests::dns::create_allowlist_request_round_trip ... ok
test tests::dns::create_allowlist_response_round_trip ... ok
test tests::dns::create_blocklist_request_round_trip ... ok
test tests::dns::create_filter_rule_request_round_trip ... ok
test tests::dns::create_filter_rule_response_round_trip ... ok
test tests::dns::custom_dns_record_round_trip ... ok
test tests::dns::create_blocklist_response_round_trip ... ok
test tests::dns::custom_filter_rule_round_trip ... ok
test tests::dns::delete_blocklist_response_round_trip ... ok
test tests::dns::default_upstreams_include_quad9 ... ok
test tests::dns::delete_allowlist_response_round_trip ... ok
test tests::dns::dns_config_default_values ... ok
test tests::dns::delete_filter_rule_response_round_trip ... ok
test tests::dns::dns_config_response_round_trip ... ok
test tests::dns::dns_config_round_trip ... ok
test tests::dns::dns_protocol_snake_case_rename ... ok
test tests::dns::dns_protocol_round_trip ... ok
test tests::dns::dns_query_log_entry_round_trip ... ok
test tests::dns::dns_resolution_mode_as_str_matches_serde ... ok
test tests::dns::dns_query_result_round_trip ... ok
test tests::dns::dns_record_type_screaming_snake_rename ... ok
test tests::dns::dns_record_type_round_trip ... ok
test tests::dns::dns_resolution_mode_round_trip ... ok
test tests::dns::dns_stats_round_trip ... ok
test tests::dns::dns_zone_round_trip ... ok
test tests::dns::every_variant_parses_without_hitting_the_fallback ... ok
test tests::dns::filter_action_round_trip_block ... ok
test tests::dns::filter_action_round_trip_pass ... ok
test tests::dns::filter_action_round_trip_rewrite ... ok
test tests::dns::forwarder_selection_mode_str_matches_serde ... ok
test tests::dns::from_db_str_rejects_unknown_strings ... ok
test tests::dns::dns_resolution_mode_snake_case_rename ... ok
test tests::dns::list_allowlist_response_round_trip ... ok
test tests::dns::list_blocklists_response_round_trip ... ok
test tests::dns::parse_all_resolver_strings ... ok
test tests::dns::list_filter_rules_response_round_trip ... ok
test tests::dns::update_blocklist_request_full_deserialization ... ok
test tests::dns::serde_repr_matches_db_string ... ok
test tests::dns::update_blocklist_request_partial_deserialization ... ok
test tests::dns::parse_unknown_falls_back_to_error ... ok
test tests::dns::update_dns_config_request_full_deserialization ... ok
test tests::dns::update_blocklist_response_round_trip ... ok
test tests::dns::update_filter_rule_request_partial ... ok
test tests::dns::update_dns_config_request_rejects_invalid_resolution_mode ... ok
test tests::dns::update_filter_rule_response_round_trip ... ok
test tests::dns::upstream_dns_no_port_omitted_from_serialization ... ok
test tests::dns::update_dns_config_request_partial_deserialization ... ok
test tests::dns::upstream_dns_request_converts_to_upstream_dns ... ok
test tests::dns::upstream_dns_request_with_no_port ... ok
test tests::dns::upstream_dns_round_trip ... ok
test tests::dns_filter::device_dns_filter_settings_default_for ... ok
test tests::dns_filter::dns_filter_config_default ... ok
test tests::dns_filter::dns_filter_config_round_trip ... ok
test tests::dns_filter::dns_filter_profile_round_trip ... ok
test tests::event::device_discovered_tagged ... ok
test tests::event::dhcp_conflict_detected_tagged ... ok
test tests::event::dhcp_lease_expired_tagged ... ok
test tests::event::dhcp_lease_renewed_tagged ... ok
test tests::event::dns_filter_changed_tagged ... ok
test tests::event::dhcp_lease_assigned_tagged ... ok
test tests::net::private_ip_v6_and_mapped_v4 ... ok
test tests::event::routing_rule_changed_round_trip ... ok
test tests::event::tunnel_stats_updated_round_trip ... ok
test tests::net::reserved_ipv4_covers_private_cgnat_and_special ... ok
test tests::net::reserved_ipv4_allows_public ... ok
test tests::net::rfc1918_subnet_requires_the_whole_range_inside_a_block ... ok
test tests::routing::routing_rule_round_trip ... ok
test tests::routing::routing_target_default_tagged ... ok
test tests::routing::routing_target_direct_tagged ... ok
test tests::routing::routing_target_tunnel_tagged ... ok
test tests::routing_profile::bare_wildcard_never_matches ... ok
test tests::routing::rule_creator_round_trip ... ok
test tests::routing_profile::domain_target_serialises_tagged ... ok
test tests::routing_profile::domain_target_storage_roundtrip ... ok
test tests::routing_profile::exact_pattern_matches_only_itself ... ok
test tests::routing_profile::matching_is_case_and_trailing_dot_insensitive ... ok
test tests::routing_profile::specificity_prefers_exact_then_more_labels ... ok
test tests::routing_profile::validate_pattern_accepts_reasonable_forms ... ok
test tests::routing_profile::validate_pattern_rejects_bad_forms ... ok
test tests::routing_profile::wildcard_matches_apex_and_subdomains ... ok
test tests::serde_util::absent_yields_none ... ok
test tests::serde_util::null_yields_some_none ... ok
test tests::serde_util::string_yields_some_some ... ok
test tests::trackers::a_bare_public_suffix_does_not_match_a_tracker ... ok
test tests::trackers::catalogue_covers_a_reasonable_spread_of_companies ... ok
test tests::trackers::exact_registrable_domain_matches ... ok
test tests::trackers::matching_is_case_insensitive_and_ignores_trailing_dot ... ok
test tests::trackers::unknown_and_empty_domains_are_not_trackers ... ok
test tests::trackers::subdomains_resolve_to_the_parent_company ... ok
test tests::tunnel::tunnel_status_rename_snake_case ... ok
test tests::tunnel::tunnel_status_round_trip ... ok
test tests::tunnel::tunnel_round_trip ... ok
test tests::vpn_provider::credentials_debug_redacts_password_but_shows_username ... ok
test tests::vpn_provider::auth_method_serializes_snake_case ... ok
test tests::vpn_provider::credentials_variant_round_trip ... ok
test tests::vpn_provider::provider_info_with_all_fields ... ok
test tests::vpn_provider::provider_info_without_optional_fields ... ok
test tests::vpn_provider::server_filter_defaults ... ok
test tests::vpn_provider::server_filter_with_values ... ok
test tests::vpn_provider::server_info_round_trip ... ok
test tests::vpn_provider::server_info_without_city ... ok
test tests::vpn_provider::token_debug_redacts_the_token_value ... ok
test tests::wireguard_config::handle_comments_and_blank_lines ... ok
test tests::vpn_provider::token_variant_round_trip ... ok
test tests::wireguard_config::handle_windows_line_endings ... ok
test tests::wireguard_config::interface_config_debug_redacts_private_key ... ok
test tests::wireguard_config::parse_comma_separated_address ... ok
test tests::wireguard_config::parse_multiple_dns ... ok
test tests::wireguard_config::parse_full_config ... ok
test tests::wireguard_config::parse_minimal_config ... ok
test tests::wireguard_config::peer_config_debug_redacts_preshared_key ... ok
test tests::wireguard_config::peer_config_debug_without_preshared_key_shows_none ... ok
test tests::wireguard_config::reject_missing_interface ... ok
test tests::wireguard_config::reject_missing_peer ... ok
test tests::wireguard_config::reject_missing_private_key ... ok
test tests::wireguard_config::reject_missing_public_key ... ok

test result: ok. 161 passed; 0 failed; 0 ignored; 0 measured; 0 filtered out; finished in 0.01s

     Running unittests src/lib.rs (target/llvm-cov-target/debug/deps/wardnet_postupgrade-ab2f9abb122fddb0)

running 25 tests
test tests::migrations::lists_polkit_power_rule_migration ... ok
test tests::migrations::migration_ids_are_unique ... ok
test tests::migrations::severity_variants_are_distinct ... ok
test tests::runner::empty_list_writes_default_state_and_returns_ok ... ok
test tests::runner::orphan_state_entry_is_warned_not_pruned ... ok
test tests::runner::already_applied_migration_does_not_rerun ... ok
test tests::runner::optional_failure_continues_run_and_logs ... ok
test tests::state::is_applied_matches_by_id ... ok
test tests::runner::required_failure_returns_required_failed_and_persists ... ok
test tests::state::load_returns_default_when_file_missing ... ok
test tests::state::load_returns_err_on_invalid_json ... ok
test tests::state::load_returns_err_when_path_is_a_directory ... ok
test tests::state::load_reconciles_world_readable_state_to_root_only ... ok
test tests::runner::required_success_persists_applied_entry ... ok
test tests::state::save_keeps_state_file_root_only ... ok
test tests::state::save_creates_parent_directories ... ok
test tests::runner::second_required_failure_after_first_success_persists_both ... ok
test tests::state::save_preserves_runner_failure_record ... ok
test tests::state::save_then_load_roundtrip ... ok
test up::tests::polkit::idempotent_rerun_restores_mode_if_chmodded ... ok
test up::tests::polkit::rule_body_authorises_wardnet_user_for_login1_actions ... ok
test up::tests::polkit::creates_base_directory_if_missing ... ok
test up::tests::polkit::mismatched_content_is_rewritten ... ok
test up::tests::polkit::writes_expected_content_and_mode ... ok
test up::tests::polkit::idempotent_rerun_preserves_mtime ... ok

test result: ok. 25 passed; 0 failed; 0 ignored; 0 measured; 0 filtered out; finished in 2.97s

     Running unittests src/main.rs (target/llvm-cov-target/debug/deps/wardnet_postupgrade-aa4f0e6226a1ce41)

running 0 tests

test result: ok. 0 passed; 0 failed; 0 ignored; 0 measured; 0 filtered out; finished in 0.00s

     Running unittests src/lib.rs (target/llvm-cov-target/debug/deps/wardnet_postupgrade_runner-89a376691b8f8478)

running 45 tests
test tests::exec::returns_err_when_name_contains_nul ... ok
test tests::runner::no_payload_when_bin_file_missing ... ok
test tests::runner::no_payload_when_signature_file_missing ... ok
test tests::exec::returns_err_when_payload_is_not_a_valid_executable ... ok
test tests::runner::rollback_request_then_no_payload_returns_no_payload ... ok
test tests::runner::unreadable_payload_returns_artifact_read_failed ... ok
test tests::runner::swap_succeeds_then_no_payload_returns_no_payload ... ok
test tests::runner::exec_failed_when_verified_payload_is_not_an_executable ... ok
test tests::runner::with_default_paths_uses_production_constants ... ok
test tests::runner::swap_failure_short_circuits_run ... ok
test tests::runner::verify_failed_with_unwritable_state_path_still_returns_verify_failed ... ok
test tests::state::absent_array_fields_are_rewritten_as_empty_arrays ... ok
test tests::state::corrupt_recovery_output_loads_via_migration_runner_schema ... ok
test tests::state::creates_parent_directory ... ok
test tests::runner::verify_failed_records_state_and_returns_verify_failed ... ok
test tests::state::read_error_other_than_not_found_returns_err ... ok
test tests::state::explicit_null_arrays_are_healed_to_empty_arrays ... ok
test tests::state::invalid_json_falls_back_to_default_state ... ok
test tests::state::write_root_only_matches_migration_runner_copy ... ok
test tests::state::preserves_applied_and_failed_arrays ... ok
test tests::state::state_file_is_written_root_only ... ok
test tests::state::writes_fresh_state_when_file_absent ... ok
test tests::state::runner_failure_round_trips_through_migration_runner_schema ... ok
test tests::swap::fails_when_live_binary_path_has_no_parent ... ok
test tests::swap::no_pending_files_is_noop ... ok
test tests::swap::rollback_request_renames_old_back_into_place ... ok
test tests::swap::happy_path_removes_pre_existing_old_before_renaming ... ok
test tests::swap::rollback_without_old_binary_clears_request_and_succeeds ... ok
test tests::swap::happy_path_swaps_and_preserves_old ... ok
test tests::swap::happy_path_with_no_existing_live_binary ... ok
test tests::swap::unreadable_pending_tarball_fails_instead_of_noop ... ok
test tests::verify::read_artifacts_returns_bytes_when_both_present ... ok
test tests::verify::read_artifacts_returns_err_when_payload_path_is_a_directory ... ok
test tests::verify::read_artifacts_returns_err_when_signature_path_is_a_directory ... ok
test tests::verify::read_artifacts_returns_none_on_missing_payload ... ok
test tests::swap::rollback_request_takes_precedence_over_pending_swap ... ok
test tests::verify::read_artifacts_returns_none_on_missing_signature ... ok
test tests::swap::tarball_without_wardnetd_entry_fails_with_path_in_chain ... ok
test tests::verify::verify_rejects_byte_flipped_payload ... ok
test tests::verify::verify_rejects_invalid_public_key_text ... ok
test tests::swap::signature_mismatch_fails_and_preserves_live_binary ... ok
test tests::verify::verify_accepts_valid_signature ... ok
test tests::verify::verify_rejects_non_utf8_signature_bytes ... ok
test tests::verify::verify_rejects_byte_flipped_signature ... ok
test tests::verify::verify_rejects_signature_from_wrong_key ... ok

test result: ok. 45 passed; 0 failed; 0 ignored; 0 measured; 0 filtered out; finished in 0.04s

     Running unittests src/main.rs (target/llvm-cov-target/debug/deps/wardnet_postupgrade_runner-d4e74449c172358a)

running 0 tests

test result: ok. 0 passed; 0 failed; 0 ignored; 0 measured; 0 filtered out; finished in 0.00s

     Running unittests src/main.rs (target/llvm-cov-target/debug/deps/wardnet_test_agent-243f70ac0ddead55)

running 13 tests
test client::tests::proxy::invalid_method_is_rejected ... ok
test client::tests::proxy::proxy_request_applies_defaults ... ok
test client::tests::proxy::proxy_request_round_trips_fields ... ok
test server::handlers::kernel::tests::byte_value_parsing ... ok
test server::handlers::kernel::tests::parse_mtu_from_link_output ... ok
test server::handlers::kernel::tests::parse_ip_rule_output ... ok
test server::handlers::kernel::tests::parse_mtu_missing ... ok
test server::handlers::kernel::tests::parse_wg_show_no_peers ... ok
test server::handlers::kernel::tests::parse_wg_show_output ... ok
test server::handlers::kernel::tests::valid_interface_names ... ok
test client::tests::ping::parses_partial_loss ... ok
test client::tests::ping::parses_summary_and_rtt ... ok
test server::handlers::kernel::tests::parse_nft_tables ... ok

test result: ok. 13 passed; 0 failed; 0 ignored; 0 measured; 0 filtered out; finished in 0.01s

     Running unittests src/lib.rs (target/llvm-cov-target/debug/deps/wardnetd-0435bc29783c95c0)

running 408 tests
test dhcp::tests::server::build_response_creates_valid_ack ... ok
test dhcp::tests::server::build_response_copies_chaddr ... ok
test dhcp::tests::server::build_response_creates_valid_offer ... ok
test dhcp::tests::server::build_response_siaddr_is_wardnet_gateway_ip ... ok
test dhcp::tests::server::build_response_includes_router_and_dns ... ok
test dhcp::tests::server::build_response_router_ip_same_as_server_ip_no_duplicate ... ok
test dhcp::tests::server::extract_hostname_returns_hostname_option ... ok
test dhcp::tests::server::extract_hostname_returns_none_when_absent ... ok
test dhcp::tests::server::decode_bounded_rejects_oversized_hlen ... ok
test dhcp::tests::server::format_mac_handles_padded_chaddr ... ok
test dhcp::tests::server::format_mac_formats_correctly ... ok
test dhcp::tests::server::format_mac_empty_slice ... ok
test dhcp::tests::server::format_mac_handles_short_input ... ok
test dhcp::tests::server::handle_discover_returns_error_when_service_fails ... ok
test dhcp::tests::server::handle_discover_calls_assign_lease_and_returns_offer ... ok
test dhcp::tests::server::handle_discover_preserves_xid ... ok
test dhcp::tests::server::handle_discover_extracts_hostname_from_message ... ok
test dhcp::tests::server::handle_request_acks_when_requested_ip_matches_assigned ... ok
test dhcp::tests::server::handle_request_calls_renew_lease_and_returns_ack ... ok
test dhcp::tests::server::handle_request_naks_when_assigned_ip_differs_from_requested ... ok
test dhcp::tests::server::handle_request_preserves_xid ... ok
test dhcp::tests::server::option6_carries_exactly_the_scope_dns_list ... ok
test dhcp::tests::server::option6_empty_scope_dns_falls_back_to_the_pi ... ok
test dhcp::tests::server::handle_request_returns_error_when_service_fails ... ok
test dhcp::tests::server::send_response_encodes_and_sends ... ok
test dhcp::tests::server::send_response_handles_send_error_gracefully ... ok
test dhcp::tests::server::server_loop_continues_after_recv_error ... ok
test dhcp::tests::server::server_loop_drops_oversized_hlen_and_keeps_serving ... ok
test dhcp::tests::server::server_loop_drops_non_ethernet_hardware_addresses ... ok
test dhcp::tests::server::server_loop_handles_discover_error_gracefully ... ok
test dhcp::tests::server::server_loop_handles_discover_then_request_sequence ... ok
test dhcp::tests::server::server_loop_handles_release_without_response ... ok
test dhcp::tests::server::server_loop_handles_request_error_gracefully ... ok
test dhcp::tests::server::server_loop_ignores_discover_from_own_mac ... ok
test dhcp::tests::server::server_loop_ignores_garbage_packets ... ok
test dhcp::tests::server::server_loop_ignores_message_without_type ... ok
test dhcp::tests::server::server_loop_stops_on_cancellation ... ok
test dhcp::tests::server::server_loop_ignores_unsupported_message_type ... ok
test dhcp::tests::server::udp_server_start_sets_running_flag ... ok
test dhcp::tests::server::udp_server_start_when_already_running ... ok
test dhcp::tests::server::server_loop_responds_to_discover_with_offer ... ok
test dhcp::tests::server::udp_server_stop_when_not_running ... ok
test dhcp::tests::server::udp_server_survives_oversized_hlen_packet ... ok
test dhcp::tests::server::udp_server_stop_clears_running_flag ... ok
test dns::tests::dot::apex_sni_is_refused ... ok
test dhcp::tests::server::server_loop_responds_to_request_with_ack ... ok
test dhcp::tests::server::udp_server_restart_cycle ... ok
test dns::tests::dot::foreign_domain_sni_is_refused ... ok
test dns::tests::dot::new_constructs_with_the_default_bind ... ok
test dns::tests::dot::cert_rotation_is_picked_up_without_restart ... ok
test dns::tests::dot::pipelined_queries_are_all_answered ... ok
test dns::tests::dot::a_query_split_across_writes_is_reassembled ... ok
test dns::tests::dot::revoking_a_device_tears_down_its_live_connection ... ok
test dns::tests::dot::stop_completes_promptly_with_a_live_connection ... ok
test dns::tests::dot::stop_is_idempotent_and_start_stop_cycles ... ok
test dns::tests::dot::token_from_sni_accepts_exactly_one_label_under_the_fqdn ... ok
test dns::tests::dot::second_connection_reuses_the_cached_acceptor ... ok
test dns::tests::dot::unknown_token_sni_is_refused ... ok
test dns::tests::pipeline::authoritative_any_query_returns_all_records_for_the_name ... ok
test dns::tests::pipeline::authoritative_txt_mx_and_srv_records_resolve ... ok
test dns::tests::pipeline::conditional_forwarding_failure_returns_servfail ... ok
test dns::tests::pipeline::conditional_forwarding_relays_and_caches_the_upstream_answer ... ok
test dns::tests::pipeline::debug_redacts_the_device_token ... ok
test dns::tests::pipeline::device_identity_stamps_log_rows_without_a_snapshot_entry ... ok
test dns::tests::pipeline::malformed_authoritative_record_is_skipped_not_served ... ok
test dns::tests::pipeline::question_less_packet_is_dropped_without_a_reply ... ok
test dns::tests::pipeline::rebinding_protection_rejects_private_answers_for_external_domains ... ok
test dns::tests::pipeline::repeat_query_is_served_from_the_response_cache ... ok
test dns::tests::pipeline::reverse_any_query_for_a_private_ip_is_answered_locally ... ok
test dns::tests::pipeline::reverse_ptr_conditional_forwarding_rule_wins_over_local_authority ... ok
test dns::tests::pipeline::reverse_ptr_for_a_known_private_ip_answers_with_the_hostname ... ok
test dns::tests::pipeline::reverse_ptr_for_a_public_ip_falls_through_to_forwarding ... ok
test dns::tests::pipeline::reverse_ptr_for_an_unknown_private_ip_is_authoritative_nxdomain ... ok
test dns::tests::pipeline::reverse_ptr_for_private_ranges_is_never_rate_limited ... ok
test dns::tests::pipeline::reverse_ptr_with_only_unrenderable_targets_is_nodata_not_nxdomain ... ok
test dns::tests::pipeline::unparseable_packet_errors_without_a_reply ... ok
test dns::tests::pipeline::unresolvable_tunnel_forwarder_returns_servfail ... ok
test dns::tests::pipeline::upstream_nxdomain_is_relayed_with_the_negative_ttl ... ok
test dns::tests::rate_limit::burst_then_denied_within_same_instant ... ok
test dns::tests::rate_limit::check_uses_atomic_rate_and_set_rate_updates_it ... ok
test dns::tests::rate_limit::distinct_keys_get_independent_buckets_across_shards ... ok
test dns::tests::rate_limit::rate_zero_always_allows ... ok
test dns::tests::rate_limit::refills_over_time ... ok
test dns::tests::reply_capture::captures_the_single_response_frame ... ok
test dns::tests::reply_capture::dropped_receiver_is_tolerated ... ok
test dns::tests::reply_capture::extra_sends_are_dropped_without_error ... ok
test dns::tests::reply_capture::recv_from_is_unsupported ... ok
test dns::tests::server::authoritative_zone_apex_with_no_records_is_nodata_not_nxdomain ... ok
test dns::tests::server::authoritative_zone_existing_name_unmodeled_type_is_nodata_not_nxdomain ... ok
test dns::tests::server::authoritative_zone_unknown_name_returns_nxdomain_not_forwarded ... ok
test dns::tests::server::build_recursor_constructs_for_both_dnssec_settings ... ok
test dns::tests::server::build_resolver_builds_dot_and_doh_with_sni ... ok
test dns::tests::server::build_resolver_enables_dnssec_validation ... ok
test dns::tests::server::build_resolver_skips_encrypted_upstream_without_sni ... ok
test dns::tests::server::build_resolver_skips_invalid_ip_addresses ... ok
test dns::tests::server::build_resolver_with_tcp_upstream_succeeds ... ok
test dns::tests::server::build_resolver_with_udp_upstream_succeeds ... ok
test dns::tests::server::cache_invalidator_exits_on_bus_close ... ok
test dns::tests::server::cache_invalidator_exits_on_cancel ... ok
test dns::tests::dot::token_sni_is_served_and_attributed_to_the_device ... ok
test dns::tests::server::cache_invalidator_flushes_defensively_on_lagged ... ok
test dns::tests::server::concurrent_start_calls_dont_race_to_bind ... ok
test dns::tests::server::conditional_forwarding_overrides_zone_authority ... ok
test dns::tests::server::dns_filter_rebuilt_event_flushes_response_cache ... ok
test dns::tests::dot::idle_connection_is_closed ... ok
test dns::tests::server::duration_to_ms_converts_microseconds_with_fraction ... ok
test dns::tests::server::duration_to_ms_seconds_round_trip ... ok
test dns::tests::server::duration_to_ms_zero ... ok
test dns::tests::server::effective_upstreams_non_single_modes_keep_full_pool ... ok
test dns::tests::server::effective_upstreams_single_missing_address_falls_back_to_full_pool ... ok
test dns::tests::server::effective_upstreams_single_yields_only_selected ... ok
test dns::tests::server::drop_cancels_cache_invalidator ... ok
test dns::tests::server::empty_upstream_servers_falls_back_to_cloudflare ... ok
test dns::tests::server::fallback_forwarder_nodata_relays_noerror_not_servfail ... ok
test dns::tests::server::flush_cache_returns_zero_on_empty ... ok
test dns::tests::server::fold_probe_blends_ewma_across_samples ... ok
test dns::tests::server::fold_probe_debounces_unreachable_over_two_misses ... ok
test dns::tests::server::fold_probe_first_success_seeds_ewma_and_is_reachable ... ok
test dns::tests::server::fold_probe_missing_upstream_with_no_prior_sample_has_no_latency ... ok
test dns::tests::server::cache_invalidator_ignores_non_rebuild_events ... ok
test dns::tests::server::forwarder_ordering_maps_modes_to_strategies ... ok
test dns::tests::server::fold_probe_prunes_state_for_removed_upstreams ... ok
test dns::tests::server::get_or_build_tunnel_forwarder_caches_after_first_miss ... ok
test dns::tests::server::get_or_build_tunnel_forwarder_errors_when_config_missing ... ok
test dns::tests::server::get_or_build_tunnel_forwarder_errors_when_dns_list_empty ... ok
test dns::tests::server::get_or_build_tunnel_forwarder_returns_interface_and_upstream ... ok
test dns::tests::server::get_or_build_tunnel_forwarder_errors_when_dns_not_an_ip ... ok
test dns::tests::server::get_or_build_tunnel_forwarder_errors_when_tunnel_missing ... ok
test dns::tests::server::handle_query_block_branch_records_blocked ... ok
test dns::tests::server::handle_query_rewrite_branch_records_rewritten ... ok
test dns::tests::server::handle_query_tunnel_branch_records_upstream_error_when_forward_fails ... ok
test dns::tests::server::probe_upstreams_non_ip_is_miss_and_builds_no_resolver ... ok
test dns::tests::server::handle_query_upstream_error_records_upstream_error ... ok
test dns::tests::server::mode_change_via_update_config_rebuilds_recursor_and_flushes_cache ... ok
test dns::tests::server::prober_inactive_clears_snapshot_and_sends_no_probe ... ok
test dns::tests::server::prober_active_publishes_snapshot_for_each_upstream ... ok
test dns::tests::server::rate_limit_refuses_forwarded_queries_but_not_local_answers ... ok
test dns::tests::server::record_query_with_no_sink_is_a_noop ... ok
test dns::tests::server::record_query_with_sink_pushes_a_row_with_normalized_domain ... ok
test dns::tests::server::rebinding_toggle_via_update_config_flushes_cache_and_blocks_private_ip ... ok
test dns::tests::server::recursor_negative_with_zero_minimum_is_not_cached_or_raised ... ok
test dns::tests::server::recursor_nodata_relays_noerror_not_servfail ... ok
test dns::tests::server::recursive_mode_dispatches_through_handle_query_and_falls_back ... ok
test dns::tests::server::recursor_nxdomain_relays_nxdomain_not_servfail ... ok
test dns::tests::server::recursor_unavailable_servfails_when_no_upstreams ... ok
test dns::tests::server::recursor_unavailable_falls_back_to_forwarding_when_upstreams_set ... ok
test dns::tests::server::resolve_via_recursor_servfails_on_empty_query ... ok
test dns::tests::server::restart_after_stop_works ... ok
test dns::tests::server::second_start_is_a_noop ... ok
test dns::tests::server::single_label_hop_ignores_dhcp_sourced_records ... ok
test dns::tests::server::single_label_miss_is_forwarded_not_answered_authoritatively ... ok
test dns::tests::server::single_label_query_resolves_via_local_search_domain_hop ... ok
test dns::tests::server::start_sets_running_flag ... ok
test dns::tests::server::server_records_query_after_handling_it ... ok
test dns::tests::server::stop_clears_running_flag ... ok
test dns::tests::server::stop_is_idempotent_after_drain ... ok
test dns::tests::server::stop_when_not_running_is_a_noop ... ok
test dns::tests::server::update_config_works_before_and_after_start ... ok
test dns::tests::server::upstream_label_none_when_empty ... ok
test dns::tests::server::upstream_label_uses_first_entry ... ok
test system::tests::pnet_network_probe::build_discover_frame_round_trips_through_parser ... ok
test system::tests::pnet_network_probe::ignores_arp_request_frames ... ok
test system::tests::pnet_network_probe::ignores_non_arp_ethertype ... ok
test system::tests::pnet_network_probe::ignores_non_dhcp_udp_traffic ... ok
test system::tests::pnet_network_probe::ignores_offer_with_wrong_xid ... ok
test system::tests::pnet_network_probe::ignores_reply_from_wrong_ip ... ok
test system::tests::pnet_network_probe::parses_matching_reply ... ok
test system::tests::proc_net_inspector::classify_dhcp_when_dropin_missing ... ok
test system::tests::proc_net_inspector::classify_static_when_dropin_present ... ok
test system::tests::proc_net_inspector::inspect_returns_full_snapshot ... ok
test system::tests::proc_net_inspector::parses_little_endian_gateway ... ok
test system::tests::proc_net_inspector::returns_none_when_gateway_is_zero ... ok
test system::tests::proc_net_inspector::returns_none_when_interface_does_not_match ... ok
test system::tests::proc_net_inspector::returns_none_when_no_default_route ... ok
test dns::tests::server::stop_drains_the_per_query_spawn ... ok
test tests::device_detector::arp_scan_task_handles_error ... ok
test tests::device_detector::arp_scan_task_runs_and_cancels ... ok
test dns::tests::dot::rate_limited_query_is_refused_not_disconnected ... ok
test tests::device_detector::capture_task_logs_error_on_failure ... ok
test tests::device_detector::hostname_listener_ignores_unrelated_events ... ok
test tests::device_detector::departure_task_runs_and_cancels ... ok
test tests::device_detector::hostname_listener_resolves_on_lease_assigned_with_hostname ... ok
test tests::device_detector::flush_task_runs_and_cancels ... ok
test tests::device_detector::hostname_listener_resolves_on_lease_renewed_with_hostname ... ok
test tests::device_detector::hostname_listener_skips_when_event_hostname_is_none ... ok
test tests::device_detector::hostname_listener_skips_when_event_hostname_is_whitespace ... ok
test tests::device_detector::processor_handles_error ... ok
test tests::device_detector::processor_handles_ip_changed ... ok
test tests::device_detector::start_and_shutdown ... ok
test tests::device_detector::processor_handles_new_device ... ok
test tests::device_snapshot_listener::burst_of_relevant_events_collapses_into_fewer_rebuilds ... ok
test tests::device_detector::processor_handles_reappeared ... ok
test tests::device_detector::zone_change_triggers_trusted_subnet_rebuild ... ok
test tests::device_snapshot_listener::device_discovered_triggers_rebuild ... ok
test tests::device_snapshot_listener::device_gone_triggers_rebuild ... ok
test tests::device_snapshot_listener::device_ip_changed_triggers_rebuild ... ok
test tests::device_snapshot_listener::shutdown_without_events_completes_cleanly ... ok
test tests::firewall_netlink::chain_has_comment_drives_jump_idempotence ... ok
test tests::firewall_netlink::comment_udata_encodes_type_len_value_nul ... ok
test tests::firewall_netlink::comment_udata_round_trips ... ok
test tests::firewall_netlink::inbound_wg_iface_exact_value_zero_pads_to_ifnamsiz ... ok
test tests::firewall_netlink::isojump_only_table_produces_no_orphans_and_survives_removal ... ok
test tests::firewall_netlink::parse_comment_udata_handles_truncated_tlv ... ok
test tests::firewall_netlink::parse_comment_udata_returns_none_for_empty ... ok
test tests::firewall_netlink::parse_comment_udata_returns_none_when_no_comment_tlv ... ok
test tests::firewall_netlink::parse_comment_udata_skips_non_comment_tlvs ... ok
test tests::firewall_netlink::parse_comment_udata_strips_trailing_nul ... ok
test tests::firewall_netlink::postrouting_natexempt_jump_precedes_masquerade ... ok
test tests::firewall_netlink::zone_isolation_established_return_accept_is_first_rule ... ok
test tests::firewall_netlink::zone_natexempt_chain_has_accept_for_pair_in_both_directions ... ok
test tests::firewall_netlink::zone_rule_ip_ignores_foreign_comment_namespaces ... ok
test tests::firewall_netlink::zone_rule_ip_keys_device_gates_on_their_ipv4 ... ok
test tests::firewall_netlink::zone_rule_ip_rejects_zone_control_comments ... ok
test tests::garp_learning::learns_router_mac_when_obs_matches_dhcp_router_ip ... ok
test tests::garp_learning::skips_write_when_obs_ip_does_not_match_router_ip ... ok
test tests::garp_learning::skips_write_when_router_ip_empty_string ... ok
test tests::garp_learning::skips_write_when_router_ip_unset ... ok
test tests::garp_learning::skips_write_when_value_unchanged ... ok
test tests::garp_learning::updates_when_router_replaced_at_same_ip ... ok
test tests::garp_pnet::arp_payload_is_a_reply_with_aligned_sender_hw_and_target_proto ... ok
test tests::garp_pnet::ethernet_header_uses_broadcast_dest_and_phase_src ... ok
test tests::garp_pnet::frame_length_is_42_bytes ... ok
test tests::garp_pnet::pulse_constants_keep_phase_under_one_second ... ok
test tests::device_snapshot_listener::rebuild_error_does_not_panic ... ok
test tests::device_snapshot_listener::unrelated_events_are_ignored ... ok
test tests::health_runner::default_interval_runner_refreshes_and_shuts_down ... ok
test tests::heartbeat::shutdown_stops_loop_promptly ... ok
test tests::heartbeat::fires_initial_heartbeat_on_start ... ok
test tests::health_runner::runner_refreshes_on_each_tick ... ok
test tests::hostname_resolver::resolve_invalid_ip_returns_none ... ok
test tests::hostname_resolver::resolve_loopback_returns_localhost ... ok
test tests::hostname_resolver::resolve_unreachable_ip_returns_none ... ok
test tests::inbound_wg_interface_wireguard::absent_handshake_maps_to_none ... ok
test tests::inbound_wg_interface_wireguard::kernel_tear_down_server_absent_interface_is_idempotent ... ignored, requires CAP_NET_ADMIN and kernel WireGuard support
test tests::inbound_wg_interface_wireguard::kernel_tear_down_server_deletes_interface ... ignored, requires CAP_NET_ADMIN and kernel WireGuard support
test tests::inbound_wg_interface_wireguard::maps_fields_and_converts_handshake_time ... ok
test tests::inbound_wg_interface_wireguard::now_handshake_round_trips_within_a_second ... ok
test tests::inbound_wg_interface_wireguard::peer_stats_nonexistent_interface_reports_no_peers ... ok
test tests::inbound_wg_interface_wireguard::tear_down_server_nonexistent_interface_errors_name_the_interface ... ok
test tests::mdns_advertiser::config_can_be_disabled_without_panicking ... ok
test tests::mdns_advertiser::config_defaults_enable_advertiser_with_built_in_hostname ... ok
test tests::mdns_advertiser::next_candidate_appends_2_to_bare_name ... ok
test tests::mdns_advertiser::next_candidate_ignores_suffix_below_two ... ok
test tests::mdns_advertiser::next_candidate_increments_existing_suffix ... ok
test tests::mdns_advertiser::next_candidate_treats_non_numeric_suffix_as_bare_name ... ok
test tests::heartbeat::swallows_repository_errors ... ok
test tests::metrics_collector::collector_exercises_full_tick_with_all_metrics_enabled ... ok
test tests::metrics_collector::collector_handles_service_error_gracefully ... ok
test tests::metrics_collector::collector_only_app_metrics_enabled ... ok
test tests::metrics_collector::collector_only_system_metrics_enabled ... ok
test tests::metrics_collector::collector_starts_and_shuts_down_cleanly ... ok
test tests::packet_capture::allow_normal_unicast_mac ... ok
test tests::heartbeat::ticks_periodically ... ok
test tests::packet_capture::build_arp_request_produces_valid_frame ... ok
test tests::packet_capture::filter_broadcast_mac ... ok
test tests::packet_capture::filter_ipv6_multicast_mac ... ok
test tests::packet_capture::filter_multicast_mac ... ok
test tests::packet_capture::filter_own_mac ... ok
test tests::packet_capture::filter_secondary_own_mac ... ok
test tests::packet_capture::format_mac_all_ff ... ok
test tests::packet_capture::find_interface_nonexistent ... ok
test tests::packet_capture::format_mac_all_zeros ... ok
test tests::packet_capture::format_mac_emits_lowercase_hex_digits ... ok
test tests::packet_capture::format_mac_typical ... ok
test tests::packet_capture::parse_frame_arp_filtered_broadcast_sender ... ok
test tests::packet_capture::parse_frame_arp_filtered_own_mac ... ok
test tests::packet_capture::parse_frame_arp_filtered_unspecified_ip ... ok
test tests::packet_capture::parse_frame_arp_valid ... ok
test tests::packet_capture::parse_frame_empty_data ... ok
test tests::packet_capture::parse_frame_ipv4_filtered_own_mac ... ok
test tests::packet_capture::parse_frame_ipv4_filtered_unspecified_ip ... ok
test tests::packet_capture::parse_frame_ipv4_valid ... ok
test tests::packet_capture::parse_frame_truncated_ethernet_header ... ok
test tests::packet_capture::parse_frame_unknown_ethertype ... ok
test tests::packet_capture::subnet_hosts_slash_24 ... ok
test tests::packet_capture::subnet_hosts_slash_30 ... ok
test tests::packet_capture::subnet_hosts_slash_31 ... ok
test tests::packet_capture::subnet_hosts_slash_32 ... ok
test tests::packet_capture::wait_for_interface_ipv4_returns_immediately_when_address_present ... ok
test tests::packet_capture::subnet_hosts_slash_16 ... ok
test tests::pidfile::drop_is_silent_when_file_already_removed ... ok
test tests::pidfile::drop_removes_pidfile ... ok
test tests::pidfile::write_creates_file_with_current_pid ... ok
test tests::pidfile::write_fails_gracefully_on_unwritable_path ... ok
test tests::policy_router_netlink::host_route_for_a_different_ip_or_interface_is_not_removable ... ok
test tests::policy_router_netlink::kernel_local_route_for_our_own_ip_is_never_removable ... ok
test tests::policy_router_netlink::kernel_local_route_is_never_removable_for_any_address ... ok
test tests::policy_router_netlink::non_host_prefix_is_not_removable ... ok
test tests::policy_router_netlink::our_own_host_route_is_removable ... ok
test tests::policy_router_netlink::rule_table_prefers_wide_table_attribute_over_header ... ok
test tests::policy_router_netlink::rule_table_reads_small_table_from_header ... ok
test tests::profiling::start_returns_none_when_disabled ... ok
test tests::metrics_collector::collector_with_all_metrics_disabled ... ok
test tests::packet_capture::wait_for_interface_ipv4_returns_none_after_deadline ... ok
test tests::routing_listener::default_policy_changed_error_does_not_panic ... ok
test tests::routing_listener::default_policy_changed_triggers_handle_default_policy_changed ... ok
test tests::routing_listener::device_discovered_triggers_apply_rule_for_discovered_device ... ok
test tests::routing_listener::device_gone_triggers_remove_device_routes ... ok
test tests::routing_listener::device_ip_changed_triggers_handle_ip_change ... ok
test tests::routing_listener::event_lag_resync_error_does_not_panic ... ok
test tests::routing_listener::event_lag_triggers_default_policy_resync ... ok
test tests::routing_listener::route_table_lost_error_does_not_panic ... ok
test tests::routing_listener::route_table_lost_triggers_handle_route_table_lost ... ok
test tests::routing_listener::routing_rule_changed_triggers_apply_rule_for_device ... ok
test tests::routing_listener::routing_service_error_does_not_panic_on_device_discovered ... ok
test tests::routing_listener::routing_service_error_does_not_panic_on_device_gone ... ok
test tests::routing_listener::routing_service_error_does_not_panic_on_ip_change ... ok
test tests::routing_listener::routing_service_error_does_not_panic_on_routing_rule_change ... ok
test tests::routing_listener::routing_service_error_does_not_panic_on_tunnel_down ... ok
test tests::routing_listener::shutdown_without_events_completes_cleanly ... ok
test tests::routing_listener::routing_service_error_does_not_panic_on_tunnel_up ... ok
test tests::routing_listener::tunnel_dns_override_changed_error_does_not_panic ... ok
test tests::routing_listener::tunnel_dns_override_changed_triggers_rebuild_dns_upstream_snapshot ... ok
test dns::tests::server::probe_upstreams_unreachable_ip_is_miss_and_caches_resolver ... ok
test tests::routing_listener::tunnel_down_triggers_handle_tunnel_down ... ok
test tests::systemctl_power_ops::poweroff_invokes_systemctl_poweroff_no_block ... ok
test tests::systemctl_power_ops::poweroff_propagates_nonzero_exit_as_internal_error ... ok
test tests::systemctl_power_ops::reboot_invokes_systemctl_reboot_no_block ... ok
test tests::systemctl_power_ops::reboot_propagates_nonzero_exit_as_internal_error ... ok
test tests::systemctl_power_ops::reboot_propagates_spawn_error_as_internal_error ... ok
test tests::tls_server::activate_sets_domain_and_lifts_gate ... ok
test tests::tls_server::guard_returns_503_until_provisioned ... ok
test tests::tls_server::placeholder_cert_builds_a_valid_rustls_config ... ok
test tests::tls_server::placeholder_serving_control_is_unprovisioned ... ok
test tests::tls_server::redirect_downgrades_root_to_admin_port_when_unprovisioned ... ok
test tests::tls_server::redirect_keeps_same_host_when_already_canonical ... ok
test tests::tls_server::redirect_missing_host_is_bad_request ... ok
test tests::tls_server::redirect_preserves_ipv6_literal_host ... ok
test tests::tls_server::redirect_rewrite_includes_non_default_https_port ... ok
test tests::tls_server::redirect_rewrites_short_name_to_canonical_fqdn ... ok
test tests::routing_listener::tunnel_up_triggers_handle_tunnel_up ... ok
test tests::tls_server::redirect_same_host_upgrade_includes_non_default_https_port ... ok
test tests::tls_server::redirect_unprovisioned_preserves_premium_surface_path ... ok
test tests::tls_server::redirect_unprovisioned_preserves_root_query_onto_admin ... ok
test tests::tls_server::seeded_serving_control_is_provisioned_with_domain ... ok
test tests::tunnel_exit_probe::parse_trace_body_extracts_ip_and_loc ... ok
test tests::tunnel_exit_probe::parse_trace_body_missing_ip_errors ... ok
test tests::tunnel_exit_probe::parse_trace_body_missing_loc_errors ... ok
test tests::routing_listener::unrelated_events_are_ignored ... ok
test tests::tunnel_idle::cancels_countdown_when_device_reclaims_tunnel ... ok
test tests::tls_server::redirect_router_isolates_handler_panics ... ok
test tests::tunnel_idle::device_gone_does_not_start_countdown_when_tunnel_has_devices ... ok
test tests::tunnel_idle::no_countdown_when_tunnel_still_has_devices ... ok
test tests::tunnel_idle::device_gone_skips_tunnels_already_counting_down ... ok
test tests::tunnel_idle::sweep_skips_non_expired_tunnels ... ok
test tests::tunnel_idle::sweep_tears_down_expired_tunnels ... ok
test tests::tunnel_idle::device_gone_starts_countdown_for_idle_tunnel ... ok
test tests::tunnel_idle::starts_idle_countdown_when_tunnel_loses_all_devices ... ok
test tests::tunnel_idle::tunnel_down_removes_countdown ... ok
test tests::tunnel_idle::tunnel_up_tracks_active_tunnel ... ok
test tests::tunnel_idle::watcher_handles_device_discovered_event ... ok
test tests::tunnel_idle::tunnel_down_removes_from_active_tunnels ... ok
test tests::tunnel_idle::watcher_handles_tunnel_events ... ok
test tests::tunnel_idle::watcher_shutdown_without_events ... ok
test tests::tunnel_interface_wireguard::aggregate_all_none_handshakes ... ok
test tests::tunnel_interface_wireguard::aggregate_empty_peers ... ok
test tests::tunnel_interface_wireguard::aggregate_ignores_none_handshakes ... ok
test tests::tunnel_interface_wireguard::aggregate_multiple_peers_sums_bytes ... ok
test tests::tunnel_interface_wireguard::aggregate_picks_latest_handshake ... ok
test tests::tunnel_interface_wireguard::aggregate_picks_latest_handshake_when_later_comes_first ... ok
test tests::tunnel_interface_wireguard::aggregate_single_peer ... ok
test tests::tunnel_interface_wireguard::aggregate_three_peers_with_mixed_handshakes ... ok
test tests::tunnel_interface_wireguard::get_stats_nonexistent_interface_reports_no_stats ... ok
test tests::tunnel_interface_wireguard::kernel_remove_absent_interface_is_idempotent ... ignored, requires CAP_NET_ADMIN and kernel WireGuard support
test tests::tunnel_interface_wireguard::kernel_remove_deletes_configured_interface ... ignored, requires CAP_NET_ADMIN and kernel WireGuard support
test tests::tunnel_interface_wireguard::remove_nonexistent_interface_errors_name_the_interface ... ok
test tests::tunnel_idle::watcher_receives_events_from_bus ... ok
test tests::tunnel_idle::watcher_handles_multiple_events ... ok
test tests::tunnel_monitor::collect_stats_error_does_not_panic ... ok
test tests::tunnel_monitor::health_check_error_does_not_panic ... ok
test tests::tunnel_monitor::health_loop_calls_run_health_check ... ok
test tests::tunnel_monitor::shutdown_stops_both_loops ... ok
test tests::tunnel_monitor::latency_loop_calls_probe_latencies ... ok
test tests::tunnel_throughput_tester::all_streams_failed_errors ... ok
test tests::tunnel_throughput_tester::all_streams_succeed_sums_bytes ... ok
test tests::tunnel_throughput_tester::empty_outcomes_errors_via_all_failed_vacuous_truth ... ok
test tests::tunnel_throughput_tester::longer_measure_window_yields_lower_mbps_for_same_bytes ... ok
test tests::tunnel_throughput_tester::partial_failure_sums_only_successful_streams ... ok
test tests::tunnel_throughput_tester::zero_bytes_in_window_errors_rather_than_reporting_zero_mbps ... ok
test tests::tunnel_throughput_tester::zero_measure_window_errors_instead_of_dividing_by_zero ... ok
test tests::tunnel_monitor::latency_probe_error_does_not_panic ... ok
test tests::tunnel_monitor::stats_loop_calls_collect_stats ... ok
test tests::watchdog_hard::unavailable_device_never_pets_but_still_shuts_down ... ok
test tests::watchdog_soft::sd_notifier_is_a_graceful_noop_without_notify_socket ... ok
test tests::watchdog_soft::should_ping_only_when_up_and_fresh ... ok
test tests::watchdog_hard::pets_on_cadence_and_disarms_on_shutdown ... ok
test tests::watchdog_soft::pings_when_healthy_and_fresh ... ok
test tests::wireguard_interface::absent_error_econnrefused_is_absent ... ok
test tests::wireguard_interface::absent_error_enodev_is_absent ... ok
test tests::wireguard_interface::absent_error_enoent_is_absent ... ok
test tests::wireguard_interface::absent_error_eperm_is_not_absent ... ok
test tests::wireguard_interface::absent_error_not_found_kind_without_errno_is_absent ... ok
test tests::wireguard_interface::absent_error_other_kind_is_not_absent ... ok
test tests::wireguard_interface::delete_nonexistent_interface_is_not_a_removal ... ok
test tests::wireguard_interface::delete_rejects_invalid_interface_name ... ok
test tests::wireguard_interface::remove_stale_link_is_noop_when_interface_absent ... ok
test tests::zone_enforcement_listener::default_policy_changed_triggers_handler ... ok
test tests::watchdog_soft::withholds_when_snapshot_stale ... ok
test tests::watchdog_soft::withholds_when_unhealthy ... ok
test tests::zone_enforcement_listener::device_discovered_triggers_apply_device ... ok
test tests::zone_enforcement_listener::device_gone_triggers_remove_device ... ok
test tests::zone_enforcement_listener::device_ip_changed_triggers_handle_ip_change ... ok
test tests::zone_enforcement_listener::device_zone_changed_triggers_handle_zone_change ... ok
test tests::zone_enforcement_listener::failing_enforcer_call_is_swallowed ... ok
test tests::zone_enforcement_listener::irrelevant_event_triggers_nothing ... ok
test tests::zone_enforcement_listener::zone_exceptions_changed_triggers_handle_exceptions_changed ... ok
test tests::zone_enforcement_listener::network_zone_changed_triggers_apply_zone ... ok
test tests::profiling::start_returns_some_when_enabled_and_shuts_down_cleanly ... ok

test result: ok. 404 passed; 0 failed; 4 ignored; 0 measured; 0 filtered out; finished in 15.16s

     Running unittests src/main.rs (target/llvm-cov-target/debug/deps/wardnetd-b0f63c76b408db61)

running 0 tests

test result: ok. 0 passed; 0 failed; 0 ignored; 0 measured; 0 filtered out; finished in 0.00s

     Running unittests src/lib.rs (target/llvm-cov-target/debug/deps/wardnetd_api-d92bd5ce37e480f6)

running 365 tests
test api::tests::auth::login_over_plain_http_omits_secure_attribute ... ok
test api::tests::auth::login_missing_body_returns_422_or_400 ... ok
test api::tests::auth::login_failure_returns_401 ... ok
test api::tests::auth::login_invalid_json_returns_error ... ok
test api::tests::auth::login_over_tls_includes_secure_attribute ... ok
test api::tests::auth::login_success_returns_200_and_set_cookie ... ok
test api::tests::auth::logout_over_tls_clears_cookie_with_secure_attribute ... ok
test api::tests::auth::login_then_logout_then_old_cookie_is_rejected ... ok
test api::tests::auth::logout_revokes_the_authenticating_bearer_session_not_a_stale_cookie ... ok
test api::tests::auth::logout_returns_204_and_clears_the_session_cookie ... ok
test api::tests::auth::logout_via_bearer_token_returns_204 ... ok
test api::tests::auth::logout_via_api_key_returns_401_without_touching_sessions ... ok
test api::tests::auth::refresh_over_plain_http_omits_secure_attribute ... ok
test api::tests::auth::logout_without_session_returns_401 ... ok
test api::tests::auth::refresh_over_tls_includes_secure_attribute ... ok
test api::tests::auth::refresh_success_returns_204_and_set_cookie ... ok
test api::tests::auth::refresh_without_session_returns_401 ... ok
test api::tests::auth::refresh_via_bearer_token_returns_204 ... ok
test api::tests::backup::apply_import_requires_authentication ... ok
test api::tests::backup::apply_import_forwards_token_and_returns_200 ... ok
test api::tests::backup::export_requires_authentication ... ok
test api::tests::backup::export_returns_octet_stream_with_attachment_header ... ok
test api::tests::backup::list_snapshots_requires_authentication ... ok
test api::tests::backup::list_snapshots_returns_retained_backups ... ok
test api::tests::backup::export_surfaces_service_bad_request_as_400 ... ok
test api::tests::backup::preview_import_extracts_multipart_and_returns_token ... ok
test api::tests::backup::preview_import_requires_authentication ... ok
test api::tests::backup::preview_import_ignores_unknown_multipart_fields ... ok
test api::tests::backup::preview_import_rejects_missing_passphrase_field ... ok
test api::tests::backup::preview_import_rejects_missing_bundle_field ... ok
test api::tests::backup::status_requires_authentication ... ok
test api::tests::backup::status_returns_200_with_subsystem_phase ... ok
test api::tests::ddns::ddns_enroll_returns_no_content ... ok
test api::tests::ddns::ddns_check_returns_availability ... ok
test api::tests::ddns::ddns_cloudflare_returns_configured_domain ... ok
test api::tests::ddns::ddns_enrollment_code_returns_no_content ... ok
test api::tests::ddns::ddns_register_returns_assigned_fqdn ... ok
test api::tests::ddns::ddns_resolution_check_returns_verdict ... ok
test api::tests::ddns::ddns_status_maps_service_status ... ok
test api::tests::ddns::ddns_teardown_returns_no_content ... ok
test api::tests::ddns::tls_status_reports_phase ... ok
test api::tests::ddns::tls_status_rejects_unauthenticated ... ok
test api::tests::devices::assign_device_zone_success ... ok
test api::tests::devices::get_device_by_id_includes_dhcp_status ... ok
test api::tests::devices::get_me_includes_tunnel_status_and_last_handshake ... ok
test api::tests::devices::get_device_by_id_invalid_uuid ... ok
test api::tests::devices::get_device_by_id_not_found ... ok
test api::tests::devices::get_device_by_id_success ... ok
test api::tests::devices::get_me_returns_null_device_when_unknown_ip ... ok
test api::tests::devices::get_me_returns_device_when_found ... ok
test api::tests::devices::list_devices_includes_routing_target ... ok
test api::tests::devices::list_devices_reservation_overrides_lease ... ok
test api::tests::devices::list_devices_returns_empty ... ok
test api::tests::devices::list_devices_returns_all ... ok
test api::tests::devices::list_devices_unauthorized_without_session ... ok
test api::tests::devices::list_devices_with_dhcp_lease_shows_lease_status ... ok
test api::tests::devices::list_devices_with_dhcp_reservation_shows_reservation_status ... ok
test api::tests::devices::set_my_rule_bad_json_returns_error ... ok
test api::tests::devices::set_my_rule_device_not_found ... ok
test api::tests::devices::set_my_rule_forbidden_when_locked ... ok
test api::tests::devices::set_my_rule_success ... ok
test api::tests::devices::set_my_rule_with_tunnel_target ... ok
test api::tests::devices::update_device_invalid_uuid ... ok
test api::tests::devices::update_device_not_found ... ok
test api::tests::devices::update_device_success ... ok
test api::tests::devices::update_device_with_routing_target ... ok
test api::tests::devices::update_device_with_type ... ok
test api::tests::devices::update_device_with_admin_locked ... ok
test api::tests::dhcp::create_reservation_bad_json_returns_error ... ok
test api::tests::dhcp::create_reservation_missing_fields_returns_error ... ok
test api::tests::dhcp::create_reservation_returns_created ... ok
test api::tests::dhcp::delete_reservation_invalid_uuid_returns_error ... ok
test api::tests::dhcp::create_reservation_unauthorized_without_session ... ok
test api::tests::dhcp::create_reservation_without_optional_fields ... ok
test api::tests::dhcp::delete_reservation_not_found ... ok
test api::tests::dhcp::delete_reservation_unauthorized_without_session ... ok
test api::tests::dhcp::get_config_unauthorized_without_session ... ok
test api::tests::dhcp::get_config_returns_ok ... ok
test api::tests::dhcp::list_leases_returns_empty ... ok
test api::tests::dhcp::revoke_lease_not_found ... ok
test api::tests::dhcp::revoke_lease_invalid_uuid_returns_error ... ok
test api::tests::dhcp::list_reservations_returns_empty ... ok
test api::tests::dhcp::revoke_lease_unauthorized_without_session ... ok
test api::tests::dhcp::toggle_bad_json_returns_error ... ok
test api::tests::dhcp::status_response_shape ... ok
test api::tests::dhcp::status_returns_pool_info ... ok
test api::tests::dhcp::toggle_disable_returns_ok ... ok
test api::tests::dhcp::toggle_enable_returns_ok ... ok
test api::tests::dhcp::toggle_unauthorized_without_session ... ok
test api::tests::dhcp::update_config_bad_json_returns_error ... ok
test api::tests::dhcp::update_config_missing_fields_returns_error ... ok
test api::tests::dhcp::update_config_returns_ok ... ok
test api::tests::dhcp::update_config_unauthorized_without_session ... ok
test api::tests::dns_capture::get_returns_200_with_settings ... ok
test api::tests::dns_capture::patch_returns_404_for_unknown_device ... ok
test api::tests::dns_capture::get_returns_404_for_unknown_device ... ok
test api::tests::dns_capture::patch_updates_and_returns_200 ... ok
test api::tests::dns_capture::set_my_capture_returns_200_and_flips_enabled ... ok
test api::tests::dns_capture::set_my_capture_returns_404_for_unknown_ip ... ok
test api::tests::dns_events::ack_returns_204 ... ok
test api::tests::dns_events::ack_returns_404_for_unknown_ip ... ok
test api::tests::dns_events::stream_closes_on_bus_lag ... ok
test api::tests::dns_events::ack_returns_422_for_malformed_body ... ok
test api::tests::dns_events::stream_closes_on_fetch_error ... ok
test api::tests::dns_events::stream_delivers_live_event_from_bus ... ok
test api::tests::dns_events::stream_emits_flush_event_from_mock ... ok
test api::tests::dns_events::stream_returns_404_for_unknown_ip ... ok
test api::tests::dns_events::stream_propagates_request_auth_context_to_flush_task ... ok
test api::tests::dns_events::stream_returns_sse_content_type ... ok
test api::tests::dns_filter::create_allowlist_returns_201 ... ok
test api::tests::dns_filter::create_profile_returns_201 ... ok
test api::tests::dns_filter::create_blocklist_returns_201 ... ok
test api::tests::dns_filter::create_rule_returns_201 ... ok
test api::tests::dns_filter::delete_allowlist_returns_ok ... ok
test api::tests::dns_filter::delete_blocklist_returns_ok ... ok
test api::tests::dns_filter::get_device_settings_returns_ok ... ok
test api::tests::dns_filter::get_config_returns_ok ... ok
test api::tests::dns_filter::delete_profile_returns_ok ... ok
test api::tests::dns_filter::delete_rule_returns_ok ... ok
test api::tests::dns_filter::list_device_settings_returns_ok ... ok
test api::tests::dns_filter::get_profile_returns_ok ... ok
test api::tests::dns_filter::list_allowlist_returns_ok ... ok
test api::tests::dns_filter::list_blocklists_returns_ok ... ok
test api::tests::dns_filter::list_device_settings_with_enabled_filter_returns_ok ... ok
test api::tests::dns_filter::list_profiles_unauthorized_without_session ... ok
test api::tests::dns_filter::list_profiles_returns_ok_with_array ... ok
test api::tests::dns_filter::list_rules_returns_ok ... ok
test api::tests::dns_filter::update_config_accepts_multi_default_ids ... ok
test api::tests::dns_filter::update_config_accepts_empty_default_ids ... ok
test api::tests::dns_filter::refresh_blocklist_returns_202_with_job_id ... ok
test api::tests::dns_filter::update_blocklist_returns_ok ... ok
test api::tests::dns_filter::update_config_returns_ok ... ok
test api::tests::dns_filter::update_profile_returns_ok ... ok
test api::tests::dns_filter::update_device_settings_returns_ok ... ok
test api::tests::dns_filter::update_rule_returns_ok ... ok
test api::tests::dns_local::create_zone_created ... ok
test api::tests::dns_local::list_and_create_forwarding_rules ... ok
test api::tests::dns_local::get_update_delete_forwarding_rule ... ok
test api::tests::dns_local::list_zone_records_ok ... ok
test api::tests::dns_local::get_update_delete_zone ... ok
test api::tests::dns_local::get_update_delete_record ... ok
test api::tests::dns_log_ws::all_filters_combine_with_and ... ok
test api::tests::dns_log_ws::apply_command_json_invalid_json_is_ignored ... ok
test api::tests::dns_local::list_zones_ok ... ok
test api::tests::dns_log_ws::apply_command_json_partial_only_overwrites_some_fields ... ok
test api::tests::dns_local::list_and_create_records ... ok
test api::tests::dns_local::rejects_unauthenticated ... ok
test api::tests::dns_log_ws::apply_command_json_set_filter_updates_fields ... ok
test api::tests::dns_log_ws::apply_command_json_unknown_command_is_ignored ... ok
test api::tests::dns_log_ws::empty_filter_matches_anything ... ok
test api::tests::dns_log_ws::results_filter_is_any_of ... ok
test api::tests::dns_log_ws::domain_filter_uses_substring ... ok
test api::tests::dns_log_ws::client_ip_filter_is_exact ... ok
test api::tests::entitlement_gate::free_blocks_the_admin_mobile_app ... ok
test api::tests::entitlement_gate::free_blocks_the_user_pwa ... ok
test api::tests::entitlement_gate::not_entitled_keeps_the_admin_website_reachable ... ok
test api::tests::entitlement_gate::premium_active_does_not_block_the_admin_mobile_app ... ok
test api::tests::entitlement_gate::premium_active_does_not_block_the_user_pwa ... ok
test api::tests::health::does_not_require_authentication ... ok
test api::tests::health::returns_200_up_when_all_components_healthy ... ok
test api::tests::health::returns_503_down_when_a_component_is_down ... ok
test api::tests::inbound_wg::add_peer_already_granted_returns_409 ... ok
test api::tests::inbound_wg::add_peer_device_not_found_returns_404 ... ok
test api::tests::inbound_wg::add_peer_success_returns_client_config_with_endpoint ... ok
test api::tests::inbound_wg::get_config_returns_current_state_without_mutating ... ok
test api::tests::inbound_wg::inbound_wg_endpoints_reject_unauthenticated ... ok
test api::tests::inbound_wg::list_peers_returns_configured_peers ... ok
test api::tests::inbound_wg::remove_peer_returns_no_content ... ok
test api::tests::inbound_wg::set_config_enables_and_returns_server_pubkey ... ok
test api::tests::entitlement_gate::suspended_blocks_the_user_pwa ... ok
test api::tests::inbound_wg::set_peer_enabled_not_found_returns_404 ... ok
test api::tests::info::info_does_not_require_authentication ... ok
test api::tests::inbound_wg::set_peer_enabled_returns_updated_summary ... ok
test api::tests::info::info_returns_200_with_version_and_uptime ... ok
test api::tests::jobs::get_job_returns_200_when_job_exists ... ok
test api::tests::jobs::get_job_returns_404_when_unknown ... ok
test api::tests::logs_ws::logs_ws_upgrade_returns_401_without_credentials ... ok
test api::tests::middleware::admin_auth_from_bearer_api_key ... ok
test api::tests::middleware::admin_auth_from_bearer_session_token ... ok
test api::tests::logs_ws::logs_ws_upgrade_returns_101_when_authenticated ... ok
test api::tests::middleware::admin_auth_ignores_empty_bearer_token ... ok
test api::tests::middleware::admin_auth_from_session_cookie ... ok
test api::tests::middleware::admin_auth_ignores_empty_session_cookie ... ok
test api::tests::middleware::admin_auth_ignores_other_cookies ... ok
test api::tests::middleware::admin_auth_rejected_when_bearer_is_neither_session_nor_api_key ... ok
test api::tests::middleware::admin_auth_rejected_without_credentials ... ok
test api::tests::middleware::admin_auth_session_takes_precedence_over_api_key ... ok
test api::tests::middleware::client_ip_extracted_from_connect_info ... ok
test api::tests::middleware::client_ip_missing_connect_info_returns_500 ... ok
test api::tests::middleware::resolve_auth_context_admin_from_bearer_api_key ... ok
test api::tests::middleware::resolve_auth_context_admin_from_bearer_session_token ... ok
test api::tests::middleware::resolve_auth_context_admin_session ... ok
test api::tests::middleware::resolve_auth_context_known_device_ip ... ok
test api::tests::middleware::resolve_auth_context_no_connect_info_anonymous ... ok
test api::tests::middleware::resolve_auth_context_unknown_ip_anonymous ... ok
test api::tests::network::dhcp_self_probe_requires_authentication ... ok
test api::tests::network::dhcp_self_probe_returns_results ... ok
test api::tests::network::dhcp_self_probe_surfaces_service_error_as_500 ... ok
test api::tests::network::discover_gateway_mac_bad_request_for_invalid_mac ... ok
test api::tests::network::discover_gateway_mac_forwards_request_body ... ok
test api::tests::network::discover_gateway_mac_requires_authentication ... ok
test api::tests::network::discover_gateway_mac_not_found_when_probe_silent ... ok
test api::tests::network::discover_gateway_mac_returns_arp_result ... ok
test api::tests::network::status_returns_200_and_payload ... ok
test api::tests::network::status_requires_authentication ... ok
test api::tests::network::status_surfaces_service_error_as_500 ... ok
test api::tests::network_zone::create_zone_returns_201 ... ok
test api::tests::network_zone::get_quarantine_new_devices_returns_enabled ... ok
test api::tests::network_zone::delete_zone_returns_deleted_true ... ok
test api::tests::network_zone::list_zones_returns_views_with_member_count ... ok
test api::tests::network_zone::get_zone_returns_view ... ok
test api::tests::network_zone::set_quarantine_new_devices_echoes_request ... ok
test api::tests::network_zone::update_zone_returns_updated ... ok
test api::tests::entitlement_gate::suspended_blocks_the_admin_mobile_app ... ok
test api::tests::openapi::api_doc_contains_one_path_from_every_handler_module ... ok
test api::tests::openapi::api_doc_authenticated_endpoint_references_both_schemes ... ok
test api::tests::openapi::api_doc_has_title_and_license ... ok
test api::tests::openapi::api_doc_registers_both_security_schemes ... ok
test api::tests::openapi::api_doc_tags_cover_every_handler_group ... ok
test api::tests::openapi::api_doc_version_matches_release_version ... ok
test api::tests::openapi::every_security_requirement_references_a_registered_scheme ... ok
test api::tests::openapi::api_doc_unauthenticated_endpoint_has_empty_security ... ok
test api::tests::openapi::operation_tags_match_the_declared_tag_list ... ok
test api::tests::openapi::scalar_bundle_is_embedded_and_looks_like_the_upstream_standalone ... ok
test api::tests::openapi::optional_ip_fields_are_nullable_with_accurate_presence ... ok
test api::tests::openapi::scalar_html_wires_runtime_config ... ok
test api::tests::openapi::scalar_docs_page_rejects_unauthenticated_callers ... ok
test api::tests::openapi::openapi_json_rejects_unauthenticated_callers ... ok
test api::tests::openapi::scalar_logo_svg_is_non_empty_and_looks_like_svg ... ok
test api::tests::openapi::scalar_js_rejects_unauthenticated_callers ... ok
test api::tests::private_dns::admin_endpoints_reject_unauthenticated ... ok
test api::tests::private_dns::create_grant_returns_201_with_hostname ... ok
test api::tests::private_dns::delete_grant_returns_204_when_present ... ok
test api::tests::private_dns::delete_grant_returns_404_when_absent ... ok
test api::tests::private_dns::me_hides_hostname_while_disabled ... ok
test api::tests::private_dns::me_profile_404_when_not_granted ... ok
test api::tests::private_dns::me_profile_serves_signed_bytes_with_apple_content_type ... ok
test api::tests::private_dns::me_reports_this_devices_grant ... ok
test api::tests::private_dns::me_reports_ungranted_device ... ok
test api::tests::private_dns::set_enabled_conflicts_when_prereq_missing ... ok
test api::tests::private_dns::set_enabled_returns_full_status ... ok
test api::tests::private_dns::status_reports_enabled_prereqs_and_grants ... ok
test api::tests::providers::list_providers_returns_json ... ok
test api::tests::providers::list_providers_unauthorized_without_session ... ok
test api::tests::providers::list_servers_returns_json ... ok
test api::tests::providers::setup_tunnel_returns_json ... ok
test api::tests::providers::setup_tunnel_unauthorized_without_session ... ok
test api::tests::providers::validate_credentials_returns_json ... ok
test api::tests::providers::validate_credentials_unauthorized_without_session ... ok
test api::tests::push::clear_notifications_returns_ok_for_admins ... ok
test api::tests::entitlement_gate::not_entitled_keeps_the_api_reachable ... ok
test api::tests::openapi::scalar_logo_rejects_unauthenticated_callers ... ok
test api::tests::push::default_noop_push_service_handle_event_is_ok ... ok
test api::tests::push::list_notifications_rejects_anonymous_callers ... ok
test api::tests::push::list_notifications_returns_the_feed_for_admins ... ok
test api::tests::push::subscribe_returns_ok ... ok
test api::tests::push::unsubscribe_with_and_without_endpoint_returns_ok ... ok
test api::tests::push::vapid_public_key_returns_the_key ... ok
test api::tests::request_context::correlation_id_propagated_when_present ... ok
test api::tests::request_context::each_request_gets_unique_request_id ... ok
test api::tests::request_context::no_correlation_id_header_when_not_in_request ... ok
test api::tests::request_context::request_id_available_in_handler_via_task_local ... ok
test api::tests::request_context::response_has_traceparent_header ... ok
test api::tests::request_context::response_has_x_request_id_header ... ok
test api::tests::panic_isolation::handler_panic_is_isolated_as_500 ... ok
test api::tests::push::default_noop_push_service_errors_on_vapid_but_accepts_mutations ... ok
test api::tests::router::authenticated_routes_return_401_without_credentials ... ok
test api::tests::router::info_endpoint_works_through_full_router ... ok
test api::tests::router::router_can_be_constructed ... ok
test api::tests::router::info_sentinel_is_not_served ... ok
test api::tests::router::unknown_path_hits_fallback ... ok
test api::tests::routing_profiles::assigning_unknown_profile_is_rejected ... ok
test api::tests::routing_profiles::device_assignment_roundtrip_in_priority_order ... ok
test api::tests::routing_profiles::direct_rule_create_list_and_bad_pattern ... ok
test api::tests::routing_profiles::duplicate_profile_name_conflicts ... ok
test api::tests::routing_profiles::empty_profile_name_is_rejected ... ok
test api::tests::rule_requests::admin_decide_returns_200 ... ok
test api::tests::rule_requests::admin_decide_unknown_returns_404 ... ok
test api::tests::rule_requests::admin_list_returns_200_with_cookie ... ok
test api::tests::rule_requests::admin_list_without_cookie_returns_401 ... ok
test api::tests::rule_requests::create_my_request_returns_201_and_echoes_fields ... ok
test api::tests::rule_requests::list_my_requests_returns_200 ... ok
test api::tests::setup::setup_advance_persists_step_and_mode ... ok
test api::tests::setup::setup_advance_rejects_unauthenticated ... ok
test api::tests::setup::setup_creates_admin_and_returns_201 ... ok
test api::tests::setup::setup_returns_409_when_already_completed ... ok
test api::tests::setup::setup_status_returns_admin_step_initially ... ok
test api::tests::setup::setup_status_returns_false_initially ... ok
test api::tests::setup::setup_status_returns_true_when_completed ... ok
test api::tests::system::acknowledge_shutdown_requires_authentication ... ok
test api::tests::system::acknowledge_shutdown_returns_204_on_success ... ok
test api::tests::system::acknowledge_shutdown_surfaces_service_error_as_500 ... ok
test api::tests::system::download_logs_finds_dated_file ... ok
test api::tests::system::download_logs_formats_non_json_lines_as_is ... ok
test api::tests::system::download_logs_no_file_returns_500 ... ok
test api::tests::system::download_logs_requires_authentication ... ok
test api::tests::system::download_logs_returns_text_when_log_exists ... ok
test api::tests::system::get_default_policy_requires_authentication ... ok
test api::tests::system::get_default_policy_returns_direct ... ok
test api::tests::system::get_default_policy_returns_tunnel_uuid ... ok
test api::tests::system::get_default_policy_surfaces_service_error_as_500 ... ok
test api::tests::system::reboot_requires_authentication ... ok
test api::tests::system::reboot_returns_204_on_success ... ok
test api::tests::system::reboot_surfaces_service_error_as_500 ... ok
test api::tests::system::recent_errors_requires_authentication ... ok
test api::tests::system::recent_errors_returns_empty_list ... ok
test api::tests::system::recent_errors_returns_populated_errors ... ok
test api::tests::system::restart_requires_authentication ... ok
test api::tests::system::restart_returns_204_on_success ... ok
test api::tests::system::restart_surfaces_service_error_as_500 ... ok
test api::tests::system::set_default_policy_invalid_returns_400 ... ok
test api::tests::system::set_default_policy_requires_authentication ... ok
test api::tests::system::set_default_policy_succeeds_with_direct ... ok
test api::tests::system::set_default_policy_succeeds_with_tunnel_uuid ... ok
test api::tests::system::shutdown_requires_authentication ... ok
test api::tests::system::shutdown_returns_204_on_success ... ok
test api::tests::system::shutdown_surfaces_service_error_as_500 ... ok
test api::tests::system::status_authenticates_via_bearer_token ... ok
test api::tests::system::status_includes_last_shutdown_payload ... ok
test api::tests::system::status_requires_authentication ... ok
test api::tests::system::status_returns_200_with_correct_json ... ok
test api::tests::system::status_service_error_returns_500 ... ok
test api::tests::tunnels::create_tunnel_bad_json_returns_error ... ok
test api::tests::tunnels::create_tunnel_missing_fields_returns_error ... ok
test api::tests::tunnels::create_tunnel_success ... ok
test api::tests::tunnels::create_tunnel_unauthorized_without_session ... ok
test api::tests::tunnels::create_tunnel_without_provider ... ok
test api::tests::tunnels::delete_tunnel_not_found ... ok
test api::tests::tunnels::delete_tunnel_success ... ok
test api::tests::tunnels::delete_tunnel_unauthorized_without_session ... ok
test api::tests::tunnels::get_tunnel_not_found ... ok
test api::tests::tunnels::get_tunnel_returns_detail ... ok
test api::tests::tunnels::get_tunnel_unauthorized_without_session ... ok
test api::tests::tunnels::list_speed_test_results_returns_history ... ok
test api::tests::tunnels::list_tunnel_devices_returns_empty_list ... ok
test api::tests::tunnels::list_tunnel_devices_unauthorized_without_session ... ok
test api::tests::tunnels::list_tunnels_returns_all ... ok
test api::tests::tunnels::list_tunnels_returns_empty ... ok
test api::tests::tunnels::list_tunnels_unauthorized_without_session ... ok
test api::tests::tunnels::rebuild_tunnel_not_found ... ok
test api::tests::tunnels::rebuild_tunnel_success ... ok
test api::tests::tunnels::rebuild_tunnel_unauthorized_without_session ... ok
test api::tests::tunnels::start_speed_test_returns_accepted_with_job_id ... ok
test api::tests::tunnels::test_tunnel_conflict_when_in_flight ... ok
test api::tests::tunnels::test_tunnel_not_found ... ok
test api::tests::tunnels::test_tunnel_returns_result ... ok
test api::tests::tunnels::test_tunnel_unauthorized_without_session ... ok
test api::tests::tunnels::test_tunnel_upstream_unavailable ... ok
test api::tests::tunnels::update_tunnel_dns_override_can_disable_the_flag ... ok
test api::tests::tunnels::update_tunnel_dns_override_not_found ... ok
test api::tests::tunnels::update_tunnel_dns_override_returns_updated_tunnel ... ok
test api::tests::tunnels::update_tunnel_dns_override_unauthorized_without_session ... ok
test api::tests::users::me_rejects_unauthenticated ... ok
test api::tests::users::me_returns_the_admin_username ... ok
test api::tests::users::me_surfaces_service_errors ... ok
test api::tests::zone_exception::create_exception_returns_201 ... ok
test api::tests::zone_exception::delete_exception_returns_deleted_true ... ok
test api::tests::zone_exception::get_exception_returns_exception ... ok
test api::tests::zone_exception::list_exceptions_returns_array ... ok
test api::tests::zone_exception::update_exception_returns_updated ... ok
test tests::state::accessors_return_correct_types ... ok
test tests::state::clone_shares_inner_state ... ok
test api::tests::routing_profiles::profile_create_list_rename_delete ... ok
test api::tests::router::legacy_root_paths_redirect_into_app_scope ... ok
test api::tests::router::all_api_routes_are_reachable ... ok

test result: ok. 365 passed; 0 failed; 0 ignored; 0 measured; 0 filtered out; finished in 1.97s

     Running unittests src/bin/dump_openapi.rs (target/llvm-cov-target/debug/deps/dump_openapi-2972c41e71b21d02)

running 0 tests

test result: ok. 0 passed; 0 failed; 0 ignored; 0 measured; 0 filtered out; finished in 0.00s

     Running unittests src/lib.rs (target/llvm-cov-target/debug/deps/wardnetd_data-ba7f8b9d10dfff4c)

running 308 tests
test repository::sqlite::tests::maintenance::ping_errors_when_pool_closed ... ok
test repository::sqlite::tests::maintenance::ping_succeeds_on_live_database ... ok
test repository::sqlite::tests::tunnel_speed_test::find_recent_empty_for_unknown_tunnel ... ok
test repository::sqlite::tests::tunnel_speed_test::find_recent_filters_by_tunnel ... ok
test repository::sqlite::tests::tunnel_speed_test::find_recent_orders_newest_first_and_applies_limit ... ok
test repository::sqlite::tests::tunnel_speed_test::insert_round_trips_all_fields ... ok
test repository::tests::admin::create_and_find_by_username ... ok
test repository::tests::admin::exists_returns_false_when_empty ... ok
test repository::tests::admin::exists_returns_true_when_admin_present ... ok
test repository::tests::admin::find_by_username_not_found ... ok
test repository::tests::admin::find_first_id_empty ... ok
test repository::tests::admin::find_first_id_returns_an_admin ... ok
test repository::tests::admin::find_username_by_id_returns_the_username ... ok
test repository::tests::admin::find_username_by_id_unknown_id ... ok
test repository::tests::api_key::create_and_find_all ... ok
test repository::tests::api_key::find_all_empty ... ok
test repository::tests::api_key::update_last_used_succeeds ... ok
test repository::tests::device::clear_last_ip_removes_row_from_ip_lookup ... ok
test repository::tests::device::count_devices ... ok
test repository::tests::device::find_all_capture_enabled_ids_returns_enabled_only ... ok
test repository::tests::device::find_all_returns_all_devices ... ok
test repository::tests::device::find_all_rules_empty_when_no_rules ... ok
test repository::tests::device::find_all_rules_returns_every_rule_once ... ok
test repository::tests::device::find_by_id_found ... ok
test repository::tests::device::find_by_ip_empty_returns_none ... ok
test repository::tests::device::find_by_ip_found ... ok
test repository::sqlite::tests::maintenance::optimize_runs_and_populates_stat_table ... ok
test repository::sqlite::tests::maintenance::incremental_vacuum_reduces_freelist ... ok
test repository::tests::device::find_by_ip_not_found ... ok
test repository::tests::device::find_by_mac_found ... ok
test repository::tests::device::find_by_ip_returns_most_recently_seen_on_collision ... ok
test repository::tests::device::find_by_mac_not_found ... ok
test repository::tests::device::find_rule_for_device_found ... ok
test repository::tests::device::find_rule_not_found ... ok
test repository::tests::device::find_stale_returns_old_devices ... ok
test repository::tests::device::insert_uppercase_mac_is_findable_by_lowercase ... ok
test repository::tests::device::insert_new_device ... ok
test repository::tests::device::update_admin_locked_sets_flag ... ok
test repository::tests::device::update_dns_capture_settings_found ... ok
test repository::tests::device::update_dns_capture_settings_not_found ... ok
test repository::tests::device::update_dns_capture_settings_partial ... ok
test repository::tests::device::update_hostname ... ok
test repository::tests::device::update_last_seen_and_ip ... ok
test repository::tests::device::update_last_seen_batch_multiple ... ok
test repository::tests::device::update_name_and_type ... ok
test repository::tests::device::upsert_user_rule_insert_and_update ... ok
test repository::tests::dhcp::delete_reservation ... ok
test repository::tests::dhcp::expire_stale_leases ... ok
test repository::tests::dhcp::delete_reservation_nonexistent ... ok
test repository::tests::dhcp::expire_stale_leases_none_to_expire ... ok
test repository::sqlite::tests::maintenance::wal_checkpoint_truncate_shrinks_wal_file ... ok
test repository::tests::dhcp::find_active_lease_by_ip ... ok
test repository::tests::dhcp::find_active_lease_by_mac ... ok
test repository::tests::dhcp::find_lease_by_id_expired_status ... ok
test repository::tests::dhcp::find_lease_by_id_released_status ... ok
test repository::tests::dhcp::find_lease_by_id_returns_none_for_missing ... ok
test repository::tests::dhcp::find_lease_logs_by_mac_returns_all_events_for_mac ... ok
test repository::tests::dhcp::find_lease_logs_empty_for_no_logs ... ok
test repository::tests::dhcp::find_reservation_by_ip ... ok
test repository::tests::dhcp::find_reservation_by_mac ... ok
test repository::tests::dhcp::insert_and_find_lease_by_id ... ok
test repository::tests::dhcp::insert_and_find_lease_log_all_event_types ... ok
test repository::tests::dhcp::insert_and_find_lease_logs ... ok
test repository::tests::dhcp::lease_uppercase_mac_is_findable_by_lowercase ... ok
test repository::tests::dhcp::insert_and_list_reservations ... ok
test repository::tests::dhcp::list_active_leases ... ok
test repository::tests::dhcp::renew_lease ... ok
test repository::tests::dhcp::reservation_uppercase_mac_is_findable_by_lowercase ... ok
test repository::tests::dhcp::update_lease_hostname_sets_value ... ok
test repository::tests::dhcp::reservation_without_optional_fields ... ok
test repository::tests::dhcp::update_lease_status ... ok
test repository::tests::dns::cleanup_query_log ... ok
test repository::tests::dns::insert_and_query_log_batch ... ok
test repository::tests::dns::insert_empty_batch ... ok
test repository::tests::dns::query_log_count ... ok
test repository::tests::dns::query_log_count_with_filter ... ok
test repository::tests::dns::query_log_filter_by_client_ip ... ok
test repository::tests::dns::query_log_filter_by_device_id ... ok
test repository::tests::dns::query_log_filter_by_domain ... ok
test repository::tests::dns::query_log_filter_by_result ... ok
test repository::tests::dns::query_log_paginated_ordering ... ok
test repository::tests::dns_events::delete_all_for_device_leaves_other_devices_intact ... ok
test repository::tests::dns_events::delete_up_to_returns_affected_count ... ok
test repository::tests::dns_events::delete_up_to_scoped_to_device ... ok
test repository::tests::dns_events::fetch_pending_empty_after_delete_up_to ... ok
test repository::tests::dns_events::fetch_pending_respects_after_id_cursor ... ok
test repository::tests::dns_events::fetch_pending_returns_rows_oldest_first ... ok
test repository::tests::dns_events::find_device_ids_with_data_returns_devices_with_events ... ok
test repository::tests::dns_events::insert_and_stats_for_device ... ok
test repository::tests::dns_events::insert_returns_autoincrement_id ... ok
test repository::tests::dns_events::prune_for_device_by_age_deletes_old_rows ... ok
test repository::tests::dns_events::prune_for_device_by_count_keeps_newest_rows ... ok
test repository::tests::dns_events::stats_for_device_empty_returns_zero ... ok
test repository::tests::dns_filter::allowlist_unique_per_profile_not_global ... ok
test repository::tests::dns_filter::blocklists_are_scoped_to_their_profile ... ok
test repository::tests::dns_filter::create_and_update_user_profile ... ok
test repository::tests::dns_filter::custom_rule_round_trip_in_profile ... ok
test repository::tests::dns_filter::delete_profile_refuses_builtin_returns_false ... ok
test repository::tests::dns_filter::delete_user_profile_succeeds ... ok
test repository::tests::dns_filter::deleting_profile_cascades_default_membership ... ok
test repository::tests::dns_filter::find_device_settings_returns_none_for_unknown ... ok
test repository::tests::dns_filter::fk_cascade_on_device_delete ... ok
test repository::tests::dns_filter::import_dedupes_and_counts_stored_rows ... ok
test repository::tests::dns_filter::import_reclaims_generations_orphaned_by_a_crash ... ok
test repository::tests::dns_filter::list_device_settings_filters_disabled_when_requested ... ok
test repository::tests::dns_filter::list_device_settings_with_ips_joins_last_ip ... ok
test repository::tests::dns_filter::load_filter_inputs_for_profile_returns_only_enabled ... ok
test repository::tests::dns_filter::migration_backfills_existing_blocklists_into_ad_blocking ... ok
test repository::tests::dns_filter::migration_seeds_curated_urls_in_other_profiles_disabled ... ok
test repository::tests::dns_filter::migration_seeds_three_builtin_profiles ... ok
test repository::tests::dns_filter::migration_sets_default_profile_to_ad_blocking ... ok
test repository::tests::dns_filter::reimporting_overlapping_domains_succeeds ... ok
test repository::tests::dns_filter::set_device_profiles_replaces_atomically ... ok
test repository::tests::dns_filter::set_dns_filter_config_clears_default_with_empty_vec ... ok
test repository::tests::dns_filter::set_dns_filter_config_replaces_default_set ... ok
test repository::tests::dns_filter::set_dns_filter_config_round_trip ... ok
test repository::tests::dns_filter::update_blocklist_flips_enabled ... ok
test repository::tests::dns_filter::upsert_device_settings_then_find ... ok
test repository::tests::dns_local::delete_missing_record_returns_false ... ok
test repository::tests::dns_local::delete_missing_rule_returns_false ... ok
test repository::tests::dns_local::delete_missing_zone_returns_false ... ok
test repository::tests::dns_local::deleting_zone_nulls_record_zone_id ... ok
test repository::tests::dns_local::duplicate_domain_record_type_rejected ... ok
test repository::tests::dns_local::migration_seeds_lan_zone ... ok
test repository::tests::dns_local::record_crud_round_trip ... ok
test repository::tests::dns_local::rule_crud_round_trip ... ok
test repository::tests::dns_local::seeded_lan_zone_is_system_sourced ... ok
test repository::tests::dns_local::update_record_can_clear_zone_id ... ok
test repository::tests::dns_local::upsert_record_does_not_clobber_other_source ... ok
test repository::tests::dns_local::upsert_record_inserts_on_first_call ... ok
test repository::tests::dns_local::upsert_record_preserves_id_on_conflict ... ok
test repository::tests::dns_local::upsert_record_source_stored_and_returned ... ok
test repository::tests::dns_local::upsert_record_updates_value_on_conflict ... ok
test repository::tests::dns_local::zone_crud_round_trip ... ok
test repository::tests::inbound_wg::delete_removes_row ... ok
test repository::tests::inbound_wg::device_id_uniqueness_is_enforced ... ok
test repository::tests::inbound_wg::find_all_is_oldest_first ... ok
test repository::tests::inbound_wg::find_by_device_id_returns_linked_peer ... ok
test repository::tests::inbound_wg::find_enabled_excludes_disabled ... ok
test repository::tests::inbound_wg::insert_and_find_by_id_round_trips ... ok
test repository::tests::inbound_wg::public_key_uniqueness_is_enforced ... ok
test repository::tests::network_zone::count_members_reflects_zone_assignment ... ok
test repository::tests::network_zone::insert_round_trips_allowed_targets_and_subnet ... ok
test repository::tests::network_zone::migration_leaves_devices_table_empty ... ok
test repository::tests::network_zone::migration_seeds_exactly_three_system_zones ... ok
test repository::tests::network_zone::set_default_is_transactional_and_exclusive ... ok
test repository::tests::notification::clear_removes_everything_and_reports_the_count ... ok
test repository::tests::notification::insert_prunes_oldest_rows_beyond_the_retention_cap ... ok
test repository::tests::notification::list_recent_returns_newest_first_with_limit ... ok
test repository::tests::notification::optional_fields_round_trip_as_none ... ok
test repository::tests::dns_filter::bulk_import_is_atomic_for_readers ... ok
test repository::tests::private_dns::delete_removes_row ... ok
test repository::tests::private_dns::deleting_the_device_cascades_the_grant ... ok
test repository::tests::dns_filter::bulk_import_does_not_starve_concurrent_writers ... ok
test repository::tests::private_dns::device_id_uniqueness_maps_to_marker_error ... ok
test repository::tests::private_dns::marker_error_displays_a_message ... ok
test repository::tests::private_dns::find_all_is_oldest_first ... ok
test repository::tests::private_dns::insert_and_find_round_trips ... ok
test repository::tests::private_dns::missing_device_is_rejected_by_the_fk ... ok
test repository::tests::private_dns::token_uniqueness_is_an_ordinary_error ... ok
test repository::tests::push::delete_by_owner_and_endpoint_is_owner_scoped ... ok
test repository::tests::push::delete_by_owner_vs_endpoint ... ok
test repository::tests::push::list_admins_returns_only_admin_rows ... ok
test repository::tests::push::upsert_on_duplicate_endpoint_updates_owner_and_keys ... ok
test repository::tests::routing_profile::assignment_cascades_on_device_delete ... ok
test repository::tests::routing_profile::create_list_update_delete_profile ... ok
test repository::tests::routing_profile::deleting_profile_cascades_rules ... ok
test repository::tests::routing_profile::device_profiles_preserve_priority_order ... ok
test repository::tests::routing_profile::duplicate_pattern_in_profile_is_rejected ... ok
test repository::tests::routing_profile::list_assignments_orders_by_position ... ok
test repository::tests::routing_profile::rule_crud_with_tunnel_and_direct_targets ... ok
test repository::tests::routing_profile::tunnel_rule_cascades_on_tunnel_delete ... ok
test repository::tests::routing_profile::update_missing_profile_returns_none ... ok
test repository::tests::rule_request::insert_then_list_by_device ... ok
test repository::tests::rule_request::list_all_filters_by_status ... ok
test repository::tests::session::create_and_find_valid_session ... ok
test repository::tests::rule_request::update_status_unknown_id_returns_none ... ok
test repository::tests::session::delete_by_token_hash_removes_only_the_matching_session ... ok
test repository::tests::session::find_expired_session_returns_none ... ok
test repository::tests::session::delete_expired_removes_only_old_sessions ... ok
test repository::tests::session::find_session_for_refresh_returns_admin_id_and_flag ... ok
test repository::tests::session::rotate_token_replaces_hash_and_expiry ... ok
test repository::tests::stats::query_daily_with_label_filter ... ok
test repository::tests::stats::query_intraday_filters_by_time_range ... ok
test repository::tests::stats::query_hourly_with_label_filter ... ok
test repository::tests::stats::query_intraday_with_label_filter ... ok
test repository::tests::stats::rollup_daily_is_idempotent ... ok
test repository::tests::stats::rollup_hourly_aggregates_counter_rows ... ok
test repository::tests::stats::rollup_daily_aggregates_counter_rows ... ok
test repository::tests::stats::rollup_hourly_excludes_rows_from_next_hour ... ok
test repository::tests::stats::rollup_hourly_is_idempotent ... ok
test repository::tests::stats::rollup_hourly_gauge_takes_latest_value ... ok
test repository::tests::stats::top_n_day_bucket_ranks_over_daily_tier ... ok
test repository::tests::stats::top_n_fallback_groups_unattributed_by_fallback_key ... ok
test repository::tests::stats::top_n_hour_bucket_ranks_over_hourly_tier ... ok
test repository::tests::stats::top_n_returns_results_sorted_by_total_desc ... ok
test repository::tests::stats::trim_daily_removes_old_rows ... ok
test repository::tests::stats::trim_hourly_removes_old_rows ... ok
test repository::tests::stats::trim_intraday_removes_old_rows ... ok
test repository::tests::stats::upsert_counter_accumulates_on_conflict ... ok
test repository::tests::stats::upsert_empty_slice_is_noop ... ok
test repository::tests::stats::upsert_hourly_counter_accumulates_on_conflict ... ok
test repository::tests::stats::upsert_gauge_overwrites_on_conflict ... ok
test repository::tests::stats::upsert_hourly_gauge_overwrites_on_conflict ... ok
test repository::tests::stats::upsert_hourly_inserts_new_rows ... ok
test repository::tests::stats::upsert_intraday_inserts_new_rows ... ok
test repository::tests::system_config::acknowledge_records_timestamp ... ok
test repository::tests::system_config::default_policy_round_trip ... ok
test repository::tests::system_config::detect_after_running_marker_returns_unclean ... ok
test repository::tests::system_config::detect_after_graceful_returns_graceful ... ok
test repository::tests::system_config::detect_arms_running_marker_for_next_boot ... ok
test repository::tests::dns_filter::deleting_a_blocklist_does_not_starve_concurrent_writers ... ok
test repository::tests::system_config::detect_first_ever_boot_returns_unknown ... ok
test repository::tests::system_config::detect_unclean_falls_back_to_last_shutdown_at_when_heartbeat_missing ... ok
test repository::tests::system_config::device_count_empty ... ok
test repository::tests::system_config::device_count_with_data ... ok
test repository::tests::system_config::get_not_found ... ok
test repository::tests::system_config::get_seeded_value ... ok
test repository::tests::system_config::is_setup_completed_returns_false_by_default ... ok
test repository::tests::system_config::is_setup_completed_returns_true_after_set ... ok
test repository::tests::system_config::record_heartbeat_writes_last_seen_at ... ok
test repository::tests::system_config::reset_default_policy_from_is_conditional ... ok
test repository::tests::system_config::router_mac_round_trip ... ok
test repository::tests::system_config::set_and_get ... ok
test repository::tests::system_config::set_setup_completed_updates_value ... ok
test repository::tests::system_config::set_upsert_overwrites ... ok
test repository::tests::system_config::tunnel_count_empty ... ok
test repository::tests::system_config::wizard_mode_round_trip ... ok
test repository::tests::system_config::wizard_step_round_trip ... ok
test repository::tests::tunnel::count ... ok
test repository::tests::tunnel::delete ... ok
test repository::tests::tunnel::find_all_returns_all ... ok
test repository::tests::system_config::detect_unclean_ignores_heartbeat_older_than_last_boot ... ok
test repository::tests::tunnel::find_by_id_returns_none_for_missing ... ok
test repository::tests::tunnel::find_config_by_id_returns_config ... ok
test repository::tests::tunnel::find_config_by_id_returns_none_for_missing ... ok
test repository::tests::tunnel::insert_and_find_by_id ... ok
test repository::tests::tunnel::next_interface_index_empty_table ... ok
test repository::tests::tunnel::next_interface_index_increments ... ok
test repository::tests::tunnel::override_default_dns_round_trip_through_find_by_id_and_find_config_by_id ... ok
test repository::tests::tunnel::update_dns_override_flips_value ... ok
test repository::tests::tunnel::update_dns_override_for_missing_id_is_silent_noop ... ok
test repository::tests::tunnel::update_endpoint_persists_resolved_fields ... ok
test repository::tests::tunnel::update_stats ... ok
test repository::tests::tunnel::update_status ... ok
test repository::tests::update::empty_finished_at_is_treated_as_unfinished ... ok
test repository::tests::update::finalize_updates_status_phase_error_and_finished_at ... ok
test repository::tests::update::insert_and_list_round_trip ... ok
test repository::tests::update::last_succeeded_ignores_failures_and_rollbacks ... ok
test repository::tests::update::list_respects_limit ... ok
test repository::tests::zone_exception::find_all_returns_every_row ... ok
test repository::tests::zone_exception::insert_round_trips_explicit_ports ... ok
test tests::bootstrap::bootstrap_system_config_does_not_overwrite_existing_default_policy ... ok
test tests::bootstrap::bootstrap_system_config_does_not_overwrite_existing_wizard_step ... ok
test tests::bootstrap::bootstrap_system_config_seeds_default_policy_from_toml ... ok
test tests::bootstrap::bootstrap_system_config_seeds_wizard_step_admin_for_fresh_install ... ok
test tests::bootstrap::bootstrap_system_config_seeds_wizard_step_completed_for_existing_install ... ok
test repository::tests::zone_exception::insert_round_trips_preset_and_endpoint_kinds ... ok
test tests::bootstrap::defers_to_setup_wizard_when_no_config ... ok
test tests::bootstrap::skips_when_admin_already_exists ... ok
test tests::database_dumper::current_schema_version_errors_when_migrations_table_missing ... ok
test tests::database_dumper::current_schema_version_is_zero_on_empty_migrations_table ... ok
test repository::tests::zone_exception::update_and_delete ... ok
test tests::database_dumper::current_schema_version_reads_max_version ... ok
test tests::database_dumper::dump_and_restore_round_trip ... ok
test tests::database_dumper::restore_rejects_non_sqlite_bytes ... ok
test tests::db::discard_stale_wal_is_a_noop_without_the_marker ... ok
test tests::db::discard_stale_wal_tolerates_unremovable_sidecar_and_marker ... ok
test tests::database_dumper::restore_installs_file_with_0600_perms ... ok
test tests::db::file_pools_cap_the_wal_journal_size_limit ... ok
test tests::db::init_db_pools_with_file_path_creates_migrates_and_runs_the_restore_guard ... ok
test tests::db::init_pool_from_connection_string_in_memory_persists_writes ... ok
test tests::db::init_pool_from_connection_string_in_memory_runs_migrations ... ok
test tests::db::restore_marker_discards_stale_wal_so_snapshot_wins ... ok
test tests::oui::guess_apple_is_phone ... ok
test tests::oui::guess_espressif_is_iot ... ok
test tests::oui::guess_lg_electronics_is_tv ... ok
test tests::oui::guess_microsoft_is_laptop ... ok
test tests::oui::guess_nintendo_is_game_console ... ok
test tests::oui::guess_randomized_mac_is_phone ... ok
test tests::oui::guess_samsung_is_phone ... ok
test tests::oui::guess_sony_interactive_is_game_console ... ok
test tests::oui::guess_tp_link_is_iot ... ok
test tests::oui::guess_unknown_manufacturer ... ok
test tests::oui::invalid_mac_returns_none ... ok
test tests::oui::known_apple_prefix ... ok
test tests::oui::known_espressif_prefix ... ok
test tests::oui::known_samsung_prefix ... ok
test tests::oui::oui_database_has_many_entries ... ok
test tests::oui::randomized_mac_detected ... ok
test tests::oui::unknown_prefix_returns_none ... ok
test tests::secret_store::build_secret_store_wires_file_system_provider ... ok
test tests::secret_store::build_secret_store_wires_null_when_config_absent ... ok
test tests::db::init_pool_with_path_delegates_to_connection_string ... ok
test tests::secret_store::file_secret_store_delete_removes_entry ... ok
test tests::secret_store::file_secret_store_backup_contents_enumerates_every_entry ... ok
test tests::secret_store::file_secret_store_missing_path_returns_none ... ok
test tests::secret_store::file_secret_store_list_returns_all_under_prefix ... ok
test tests::secret_store::file_secret_store_rejects_traversal_paths ... ok
test tests::secret_store::file_secret_store_put_get_round_trip ... ok
test tests::secret_store::file_secret_store_writes_owner_only_perms ... ok
test tests::secret_store::null_secret_store_backup_contents_is_empty ... ok
test tests::secret_store::null_secret_store_rejects_all_operations ... ok
test tests::secret_store::null_secret_store_restore_from_backup_rejects_non_empty_bundle ... ok
test tests::secret_store::secret_entry_debug_shows_byte_count_not_contents ... ok
test tests::secret_store::file_secret_store_restore_from_backup_replaces_store_state ... ok
test repository::tests::system_config::new_unclean_event_makes_older_ack_stale ... ok
test tests::bootstrap::creates_admin_from_config ... ok

test result: ok. 308 passed; 0 failed; 0 ignored; 0 measured; 0 filtered out; finished in 23.84s

     Running unittests src/lib.rs (target/llvm-cov-target/debug/deps/wardnetd_mock-f8e655495215046d)

running 13 tests
test tests::backends::noop_firewall_manager_all_methods_ok ... ok
test tests::backends::noop_hostname_resolver_returns_none ... ok
test tests::backends::noop_dhcp_server_toggles_running_state ... ok
test tests::backends::noop_dns_server_toggles_and_returns_zero_metrics ... ok
test tests::backends::noop_packet_capture_cancellation_returns_ok ... ok
test tests::backends::noop_policy_router_all_methods_ok ... ok
test tests::backends::noop_tunnel_interface_all_methods_ok ... ok
test tests::backends::synthetic_ip_is_in_test_net_2_range ... ok
test tests::backends::synthetic_rtt_is_deterministic ... ok
test tests::backends::synthetic_rtt_is_in_expected_range ... ok
test tests::backends::synthetic_ip_is_deterministic_per_id ... ok
test tests::seed::populate_inserts_expected_demo_data has been running for over 60 seconds
test tests::seed::populate_routing_rule_references_first_device_and_tunnel has been running for over 60 seconds
test tests::seed::populate_routing_rule_references_first_device_and_tunnel ... ok
test tests::seed::populate_inserts_expected_demo_data ... ok

test result: ok. 13 passed; 0 failed; 0 ignored; 0 measured; 0 filtered out; finished in 169.80s

     Running unittests src/main.rs (target/llvm-cov-target/debug/deps/wardnetd_mock-d28e9b3634b460a5)

running 0 tests

test result: ok. 0 passed; 0 failed; 0 ignored; 0 measured; 0 filtered out; finished in 0.00s

     Running unittests src/lib.rs (target/llvm-cov-target/debug/deps/wardnetd_services-ee71fa5ef6b48c24)

running 1378 tests
test auth::tests::auth::current_admin_username_returns_the_callers_username ... ok
test auth::tests::auth::current_admin_username_requires_admin ... ok
test auth::tests::auth::cleanup_expired_sessions_requires_admin ... ok
test auth::tests::auth::cleanup_expired_sessions_delegates_under_admin_context ... ok
test auth::tests::auth::is_setup_completed_delegates ... ok
test auth::tests::auth::login_user_not_found ... ok
test auth::tests::auth::login_with_malformed_stored_hash_returns_internal ... ok
test auth::tests::auth::logout_session_deletes_the_sessions_row_by_token_hash ... ok
test auth::tests::auth::logout_session_is_idempotent_when_session_already_gone ... ok
test auth::tests::auth::logout_session_requires_admin ... ok
test auth::tests::auth::refresh_session_expired_returns_unauthorized ... ok
test auth::tests::auth::refresh_session_not_remember_me_returns_forbidden ... ok
test auth::tests::auth::refresh_session_success ... ok
test auth::tests::auth::refresh_session_with_malformed_admin_id_returns_internal ... ok
test auth::tests::auth::refresh_session_with_malformed_created_at_returns_internal ... ok
test auth::tests::auth::login_wrong_password ... ok
test auth::tests::auth::validate_api_key_no_keys_returns_none ... ok
test auth::tests::auth::login_success ... ok
test auth::tests::auth::validate_api_key_invalid ... ok
test auth::tests::auth::validate_session_expired ... ok
test auth::tests::auth::validate_session_valid ... ok
test auth::tests::auth::validate_session_with_malformed_admin_id_returns_internal ... ok
test auth::tests::auth::login_success_with_remember_me ... ok
test auth::tests::session_cleanup_runner::logs_deleted_count_when_rows_removed ... ok
test auth::tests::session_cleanup_runner::continues_running_after_cleanup_error ... ok
test auth::tests::session_cleanup_runner::runs_cleanup_on_tick_under_admin_context ... ok
test auth::tests::session_cleanup_runner::production_start_skips_immediate_tick ... ok
test auth::tests::session_cleanup_runner::shutdown_stops_the_loop ... ok
test auth::tests::session_cleanup_runner::skips_immediate_startup_tick ... ok
test auth::tests::setup::is_setup_completed_returns_false_initially ... ok
test auth::tests::setup::is_setup_completed_returns_true_when_wizard_finished ... ok
test auth::tests::setup::setup_admin_fails_when_already_completed ... ok
test auth::tests::setup::setup_admin_fails_with_empty_username ... ok
test auth::tests::setup::setup_admin_fails_with_long_username ... ok
test auth::tests::setup::setup_admin_fails_with_non_alphanumeric_username ... ok
test auth::tests::setup::setup_admin_fails_with_short_password ... ok
test auth::tests::setup::is_setup_completed_returns_false_after_setup_admin ... ok
test auth::tests::setup::setup_admin_hashes_password ... ok
test auth::tests::wizard::advance_wizard_allows_idempotent_completed ... ok
test auth::tests::wizard::advance_wizard_allows_idempotent_same_step ... ok
test auth::tests::wizard::advance_wizard_allows_rewind_to_mid_step ... ok
test auth::tests::wizard::advance_wizard_allows_rewind_to_network ... ok
test auth::tests::wizard::advance_wizard_persists_step_and_mode ... ok
test auth::tests::wizard::advance_wizard_preserves_existing_mode_when_omitted ... ok
test auth::tests::wizard::advance_wizard_rejects_rewind_from_completed ... ok
test auth::tests::wizard::advance_wizard_rejects_rewind_to_admin ... ok
test auth::tests::wizard::advance_wizard_requires_admin_auth ... ok
test auth::tests::wizard::advance_wizard_to_completed_requires_admin_to_exist ... ok
test auth::tests::auth::validate_api_key_valid ... ok
test auth::tests::auth::validate_api_key_skips_malformed_hash ... ok
test auth::tests::wizard::wizard_state_defaults_to_admin_for_fresh_install ... ok
test auth::tests::wizard::wizard_state_does_not_require_auth ... ok
test auth::tests::wizard::wizard_state_reads_persisted_dns_and_review_steps ... ok
test auth::tests::wizard::wizard_state_reads_persisted_step_and_mode ... ok
test auth::tests::wizard::wizard_state_setup_completed_is_derived_from_completed_step ... ok
test auth::tests::wizard::wizard_step_ordinals_pin_the_full_sequence ... ok
test backup::tests::archiver::bundle_contents_debug_redacts_payload_bytes ... ok
test auth::tests::setup::setup_admin_succeeds_when_not_completed ... ok
test auth::tests::wizard::setup_admin_advances_when_wizard_step_unset ... ok
test auth::tests::wizard::setup_admin_advances_wizard_to_network ... ok
test backup::tests::archiver::pack_is_non_empty_and_not_plaintext ... ok
test backup::tests::archiver::pack_unpack_round_trip_with_empty_secrets_list ... ok
test backup::tests::archiver::unpack_rejects_garbage_bytes ... ok
test backup::tests::runner::default_retention_is_24h ... ok
test backup::tests::runner::runner_fires_cleanup_on_startup ... ok
test backup::tests::runner::runner_shuts_down_cleanly_without_tick ... ok
test backup::tests::archiver::pack_unpack_round_trip ... ok
test backup::tests::service::apply_import_rejects_unknown_token ... ok
test backup::tests::service::apply_import_requires_admin ... ok
test backup::tests::archiver::unpack_fails_with_wrong_passphrase ... ok
test backup::tests::service::cleanup_old_snapshots_deletes_expired_files ... ok
test backup::tests::service::cleanup_old_snapshots_keeps_recent_files ... ok
test backup::tests::service::cleanup_old_snapshots_requires_admin ... ok
test backup::tests::service::apply_import_rejects_incompatible_schema ... ok
test backup::tests::service::export_rejects_short_passphrase ... ok
test backup::tests::service::export_requires_admin ... ok
test backup::tests::service::list_snapshots_is_empty_before_any_restore ... ok
test backup::tests::service::list_snapshots_requires_admin ... ok
test backup::tests::service::list_snapshots_surfaces_all_three_snapshot_kinds ... ok
test backup::tests::service::preview_import_rejects_garbage_bundle ... ok
test backup::tests::service::preview_import_rejects_short_passphrase ... ok
test backup::tests::service::export_happy_path_returns_encrypted_bytes ... ok
test backup::tests::service::preview_import_requires_admin ... ok
test backup::tests::service::preview_import_sets_failed_status_on_archiver_error ... ok
test backup::tests::service::apply_import_rolls_back_and_leaves_no_restore_marker_on_failure ... ok
test backup::tests::service::status_reflects_failed_export_when_dumper_errors ... ok
test backup::tests::service::status_requires_admin ... ok
test backup::tests::service::status_returns_idle_by_default ... ok
test backup::tests::archiver::unpack_rejects_bundle_with_no_manifest ... ok
test cloud::tests::availability_sends_jwt_and_pop ... ok
test cloud::tests::ddns_report_ip_and_clear_acme ... ok
test cloud::tests::enroll_returns_tenant_id ... ok
test cloud::tests::mint_token_403_flags_entitlement_lost ... ok
test cloud::tests::register_network_maps_view ... ok
test cloud::tests::request_enrollment_code_posts_email_and_purpose ... ok
test cloud::tests::token_is_cached_and_minted_once ... ok
test cloud::tests::tunneller::backoff_doubles_caps_and_resets ... ok
test cloud::tests::tunneller::connect_rereads_listen_port_per_flow ... ok
test cloud::tests::pop_canonical_payload_is_stable_and_verifies ... ok
test cloud::tests::tunneller::decode_ping_requires_zero_conn_id ... ok
test cloud::tests::tunneller::decode_connect_reads_dest_port ... ok
test cloud::tests::tunneller::decode_rejects_short_unknown_and_unused_frames ... ok
test cloud::tests::tunneller::encode_close_and_pong_have_fixed_shape ... ok
test cloud::tests::tunneller::encode_decode_data_round_trips ... ok
test cloud::tests::tunneller::open_relay_failure_sends_close ... ok
test cloud::tests::tunneller::ninth_concurrent_conn_is_rejected_at_cap ... ok
test cloud::tests::tunneller::relays_ping_and_connect_data_to_local_target ... ok
test ddns::tests::cloudflare::delete_txt_is_noop_when_absent ... ok
test ddns::tests::cloudflare::delete_txt_removes_existing_record ... ok
test ddns::tests::cloudflare::set_txt_creates_one_record_per_value ... ok
test ddns::tests::cloudflare::unsuccessful_envelope_surfaces_as_error ... ok
test ddns::tests::cloudflare::upsert_a_creates_when_absent ... ok
test ddns::tests::cloudflare::upsert_a_updates_when_present ... ok
test ddns::tests::public_ip::falls_back_on_failure ... ok
test ddns::tests::public_ip::rejects_private_ip ... ok
test ddns::tests::public_ip::returns_first_global_ip ... ok
test ddns::tests::region::errors_when_none_reachable ... ok
test ddns::tests::region::picks_lowest_latency ... ok
test ddns::tests::region::skips_unhealthy ... ok
test ddns::tests::runner::runner_probes_instead_of_refreshing_while_suspended ... ok
test ddns::tests::runner::runner_refreshes_then_shuts_down ... ok
test ddns::tests::service::acme_challenge_errors_when_unconfigured ... ok
test ddns::tests::service::acme_challenge_requires_admin ... ok
test ddns::tests::service::byod_cloudflare_still_compares_against_the_wan_ip ... ok
test ddns::tests::service::check_slug_not_enrolled_is_conflict ... ok
test ddns::tests::service::check_slug_rejects_invalid_locally ... ok
test ddns::tests::service::check_slug_returns_available ... ok
test ddns::tests::service::check_slug_returns_taken ... ok
test ddns::tests::service::clear_acme_challenge_deletes_txt_via_ddns ... ok
test ddns::tests::service::configure_cloudflare_errors_when_no_zone_covers_domain ... ok
test ddns::tests::service::configure_cloudflare_rejected_token_is_bad_request ... ok
test ddns::tests::service::configure_cloudflare_requires_admin ... ok
test ddns::tests::service::configure_cloudflare_resolves_zone_and_persists_identity ... ok
test ddns::tests::service::enroll_persists_key_and_tenant_id ... ok
test ddns::tests::service::enroll_rejects_empty_code_locally ... ok
test ddns::tests::service::refresh_and_register_require_admin ... ok
test ddns::tests::service::refresh_is_noop_when_unconfigured ... ok
test ddns::tests::service::refresh_publishes_when_ip_changed ... ok
test ddns::tests::service::refresh_skips_when_ip_unchanged ... ok
test ddns::tests::service::register_network_persists_wardnet_provider ... ok
test ddns::tests::service::register_network_rejects_a_region_missing_from_the_catalog ... ok
test ddns::tests::service::register_network_rejects_invalid_slug_before_any_network_call ... ok
test ddns::tests::service::register_network_stores_the_networks_region_not_the_selected_one ... ok
test ddns::tests::service::request_enrollment_code_posts_email_and_purpose ... ok
test ddns::tests::service::request_enrollment_code_rejects_invalid_email_locally ... ok
test ddns::tests::service::request_enrollment_code_requires_admin ... ok
test ddns::tests::service::resolution_check_not_configured ... ok
test ddns::tests::service::resolution_check_reports_match ... ok
test ddns::tests::service::resolution_check_reports_pending_on_nxdomain ... ok
test ddns::tests::service::set_acme_challenge_publishes_txt_via_ddns ... ok
test ddns::tests::service::status_reports_configured_wardnet_provider ... ok
test ddns::tests::service::status_reports_unconfigured ... ok
test ddns::tests::service::switching_to_cloudflare_deregisters_old_wardnet ... ok
test ddns::tests::service::sync_premium_leaves_free_provider_not_entitled ... ok
test ddns::tests::service::sync_premium_primes_entitled_from_persisted_wardnet_provider ... ok
test ddns::tests::service::teardown_deletes_cloudflare_records_and_wipes_state ... ok
test ddns::tests::service::teardown_is_idempotent_when_unconfigured ... ok
test ddns::tests::service::teardown_removes_daemon_and_wipes_state ... ok
test ddns::tests::service::token_403_surfaces_as_forbidden ... ok
test ddns::tests::service::wardnet_provider_resolving_to_the_ingress_is_a_match ... ok
test ddns::tests::settings::default_catalog_probes_the_ddns_service_health_vhost ... ok
test ddns::tests::settings::doh_fallback_uses_googles_json_endpoint ... ok
test ddns::tests::settings::gateway_url_override_replaces_global_gateway_only ... ok
test ddns::tests::settings::no_overrides_matches_default ... ok
test ddns::tests::settings::region_overrides_only_touch_the_first_catalog_entry ... ok
test ddns::tests::settings::region_overrides_replace_catalog_urls_but_keep_slugs ... ok
test device::tests::device::ack_dns_events_accepts_owning_device ... ok
test device::tests::device::ack_dns_events_delegates_to_repo ... ok
test device::tests::device::ack_dns_events_not_found_for_unknown_device ... ok
test device::tests::device::ack_dns_events_rejects_anonymous ... ok
test device::tests::device::current_rules_anonymous_forbidden ... ok
test device::tests::device::current_rules_empty_when_no_rules ... ok
test device::tests::device::current_rules_maps_each_device_to_its_target ... ok
test device::tests::device::fetch_pending_dns_events_accepts_owning_device ... ok
test device::tests::device::fetch_pending_dns_events_not_found_for_unknown_device ... ok
test device::tests::device::fetch_pending_dns_events_rejects_anonymous ... ok
test device::tests::device::fetch_pending_dns_events_rejects_other_device ... ok
test device::tests::device::fetch_pending_maps_rows_to_items ... ok
test device::tests::device::get_device_capture_settings_rejects_anonymous ... ok
test device::tests::device::get_device_capture_settings_returns_none_for_unknown_device ... ok
test device::tests::device::get_device_capture_settings_returns_settings_when_device_found ... ok
test device::tests::device::get_device_found_no_rule ... ok
test device::tests::device::get_device_found_with_rule ... ok
test device::tests::device::get_device_not_found ... ok
test device::tests::device::get_dns_capture_settings_returns_404_for_unknown ... ok
test device::tests::device::get_dns_capture_settings_returns_defaults ... ok
test device::tests::device::get_rule_for_device_anonymous_forbidden ... ok
test device::tests::device::get_rule_for_device_none_when_no_rule ... ok
test device::tests::device::get_rule_for_device_returns_target ... ok
test device::tests::device::list_capture_enabled_device_ids_delegates_to_repo ... ok
test device::tests::device::list_capture_enabled_device_ids_rejects_anonymous ... ok
test device::tests::device::set_rule_admin_context_bypasses_lock ... ok
test device::tests::device::set_rule_admin_locked_device_context_forbidden ... ok
test device::tests::device::set_rule_anonymous_forbidden ... ok
test device::tests::device::set_rule_by_id_admin_allowed ... ok
test device::tests::device::set_rule_by_id_admin_locked_own_device_forbidden ... ok
test device::tests::device::set_rule_by_id_anonymous_forbidden ... ok
test device::tests::device::set_rule_by_id_device_context_foreign_device_forbidden ... ok
test device::tests::device::set_rule_by_id_device_context_own_device ... ok
test device::tests::device::set_rule_by_id_device_not_found ... ok
test device::tests::device::set_rule_device_context_own_device ... ok
test device::tests::device::set_rule_device_context_wrong_device_forbidden ... ok
test device::tests::device::set_rule_device_not_found ... ok
test device::tests::device::update_admin_locked_admin_allowed ... ok
test device::tests::device::update_admin_locked_anonymous_forbidden ... ok
test device::tests::device::update_admin_locked_device_context_forbidden ... ok
test device::tests::device::update_dns_capture_settings_publishes_event ... ok
test device::tests::device::update_dns_capture_settings_returns_404_for_unknown ... ok
test device::tests::device::update_dns_capture_settings_with_enabled_none_reads_db_value ... ok
test device::tests::discovery::a_device_changing_ip_normally_is_still_trusted ... ok
test cloud::tests::tunneller::reconnects_after_the_server_drops_the_connection ... ok
test device::tests::discovery::flush_last_seen_updates_batch ... ok
test device::tests::discovery::flush_last_seen_with_gone_devices_skips_them ... ok
test device::tests::discovery::get_all_devices_anonymous_forbidden ... ok
test device::tests::discovery::get_all_devices_as_admin ... ok
test device::tests::discovery::get_all_devices_as_device_returns_own_only ... ok
test device::tests::discovery::get_device_by_id_anonymous_forbidden ... ok
test device::tests::discovery::get_device_by_id_device_can_view_own ... ok
test device::tests::discovery::get_device_by_id_device_cannot_view_other ... ok
test device::tests::discovery::get_device_by_id_not_found ... ok
test device::tests::discovery::get_device_by_id_success ... ok
test device::tests::discovery::guarded_methods_reject_anonymous_caller ... ok
test device::tests::discovery::known_device_flapping_onto_our_own_lan_ip_is_ignored ... ok
test device::tests::discovery::mac_flapping_across_many_ips_stops_being_trusted ... ok
test device::tests::discovery::mark_peer_gone_clears_departed_last_ip ... ok
test device::tests::discovery::mark_peer_gone_flips_present_device ... ok
test device::tests::discovery::mark_peer_gone_untracked_is_noop ... ok
test device::tests::discovery::observation_claiming_our_own_lan_ip_is_ignored ... ok
test device::tests::discovery::own_ip_claims_count_toward_the_flap_threshold ... ok
test device::tests::discovery::process_observation_accepts_nil_admin_context ... ok
test device::tests::discovery::process_observation_accepts_zone_subnet_ip ... ok
test device::tests::discovery::process_observation_gone_device_returns ... ok
test device::tests::discovery::process_observation_ignores_wan_ip_outside_all_subnets ... ok
test device::tests::discovery::process_observation_known_device_different_ip ... ok
test device::tests::discovery::process_observation_known_device_same_ip ... ok
test device::tests::discovery::process_observation_new_device ... ok
test device::tests::discovery::process_observation_reappear_from_db_not_memory ... ok
test device::tests::discovery::process_peer_observation_ip_changed_stays_remote ... ok
test device::tests::discovery::process_peer_observation_reappears_gone_device_as_remote ... ok
test device::tests::discovery::process_peer_observation_unknown_device_errors ... ok
test device::tests::discovery::quarantine_off_new_device_publishes_no_quarantine_event ... ok
test device::tests::discovery::quarantine_on_new_device_publishes_event ... ok
test device::tests::discovery::quarantine_on_reappearing_device_is_not_requarantined ... ok
test device::tests::discovery::rebuild_trusted_subnets_picks_up_new_zone_subnet ... ok
test device::tests::discovery::resolve_hostname_falls_back_to_reverse_dns ... ok
test device::tests::discovery::resolve_hostname_falls_back_when_dhcp_value_empty ... ok
test device::tests::discovery::resolve_hostname_falls_back_when_no_active_lease ... ok
test device::tests::discovery::resolve_hostname_no_op_when_device_not_registered ... ok
test device::tests::discovery::resolve_hostname_no_result_does_not_update_db ... ok
test device::tests::discovery::resolve_hostname_prefers_dhcp_over_reverse_dns ... ok
test device::tests::discovery::resolve_hostname_tolerates_mixed_case_caller ... ok
test device::tests::discovery::restore_devices_empty_repo ... ok
test device::tests::discovery::restore_devices_populates_in_memory_state ... ok
test device::tests::discovery::restore_devices_repairs_a_row_claiming_our_own_ip ... ok
test device::tests::discovery::scan_departures_clears_departed_last_ip ... ok
test device::tests::discovery::scan_departures_does_not_clear_ip_of_reconnected_device ... ok
test device::tests::discovery::scan_departures_emits_device_gone ... ok
test device::tests::discovery::scan_departures_ignores_recent ... ok
test device::tests::discovery::scan_departures_tolerates_clear_last_ip_failure ... ok
test device::tests::discovery::update_device_anonymous_forbidden ... ok
test device::tests::discovery::update_device_as_device_admin_locked_forbidden ... ok
test device::tests::discovery::update_device_as_device_other_forbidden ... ok
test device::tests::discovery::update_device_as_device_own_allowed ... ok
test device::tests::discovery::update_device_not_found ... ok
test device::tests::discovery::update_device_sets_name_and_type_as_admin ... ok
test device::tests::discovery::update_device_without_device_type_preserves_existing ... ok
test device::tests::ip_snapshot::new_snapshot_is_empty_before_rebuild ... ok
test device::tests::ip_snapshot::rebuild_populates_snapshot_from_devices ... ok
test device::tests::ip_snapshot::rebuild_propagates_repository_error ... ok
test device::tests::ip_snapshot::rebuild_resolves_ip_collision_in_favor_of_most_recently_seen ... ok
test device::tests::ip_snapshot::rebuild_skips_devices_with_empty_last_ip ... ok
test device::tests::ip_snapshot::rebuild_skips_devices_with_unparsable_last_ip ... ok
test device::tests::ip_snapshot::snapshot_returns_shared_handle_updated_by_rebuild ... ok
test dhcp::tests::dhcp::assign_lease_allocates_from_pool ... ok
test dhcp::tests::dhcp::assign_lease_allocates_from_pool_no_hostname ... ok
test dhcp::tests::dhcp::assign_lease_audit_log_no_hostname ... ok
test dhcp::tests::dhcp::assign_lease_cached_lease_updates_hostname_and_emits_event ... ok
test dhcp::tests::dhcp::assign_lease_creates_audit_log ... ok
test dhcp::tests::dhcp::assign_lease_migrates_orphaned_lease_when_outside_pool ... ok
test dhcp::tests::dhcp::assign_lease_normalises_empty_hostname_to_none ... ok
test dhcp::tests::dhcp::assign_lease_pool_exhausted ... ok
test dhcp::tests::dhcp::assign_lease_publishes_event_with_hostname ... ok
test dhcp::tests::dhcp::assign_lease_publishes_event_with_none_when_no_hostname ... ok
test dhcp::tests::dhcp::assign_lease_reuses_existing_active_lease ... ok
test dhcp::tests::dhcp::assign_lease_skips_occupied_ips ... ok
test dhcp::tests::dhcp::assign_lease_skips_reserved_ips ... ok
test dhcp::tests::dhcp::assign_lease_uses_static_reservation ... ok
test dhcp::tests::dhcp::base_scope_advertises_the_pi_when_wardnet_dns_is_enabled ... ok
test dhcp::tests::dhcp::base_scope_falls_back_to_upstream_when_wardnet_dns_is_disabled ... ok
test dhcp::tests::dhcp::cleanup_expired_marks_status_as_expired ... ok
test dhcp::tests::dhcp::cleanup_expired_returns_count ... ok
test dhcp::tests::dhcp::cleanup_expired_zero_when_empty ... ok
test dhcp::tests::dhcp::cleanup_expired_zero_when_no_stale ... ok
test dhcp::tests::dhcp::create_reservation_duplicate_ip ... ok
test dhcp::tests::dhcp::create_reservation_duplicate_mac ... ok
test dhcp::tests::dhcp::create_reservation_invalid_ip ... ok
test dhcp::tests::dhcp::create_reservation_success ... ok
test dhcp::tests::dhcp::delete_reservation_not_found ... ok
test dhcp::tests::dhcp::delete_reservation_success ... ok
test dhcp::tests::dhcp::empty_upstream_with_wardnet_dns_off_never_advertises_the_pi ... ok
test dhcp::tests::dhcp::full_lease_lifecycle_assign_renew_release ... ok
test dhcp::tests::dhcp::get_config_admin_success ... ok
test dhcp::tests::dhcp::get_config_anonymous_forbidden ... ok
test dhcp::tests::dhcp::get_dhcp_config_anonymous_forbidden ... ok
test dhcp::tests::dhcp::get_dhcp_config_reflects_updated_values ... ok
test dhcp::tests::dhcp::get_dhcp_config_returns_defaults ... ok
test dhcp::tests::dhcp::lease_in_old_subnet_orphaned_when_zone_subnet_changes ... ok
test dhcp::tests::dhcp::list_leases_empty ... ok
test dhcp::tests::dhcp::load_config_empty_router_ip_is_none ... ok
test dhcp::tests::dhcp::load_config_invalid_lease_duration_returns_error ... ok
test dhcp::tests::dhcp::load_config_invalid_pool_end_returns_error ... ok
test dhcp::tests::dhcp::load_config_invalid_pool_start_returns_error ... ok
test dhcp::tests::dhcp::load_config_invalid_router_ip_returns_error ... ok
test dhcp::tests::dhcp::load_config_invalid_subnet_mask_returns_error ... ok
test dhcp::tests::dhcp::load_config_invalid_upstream_dns_ip_returns_error ... ok
test dhcp::tests::dhcp::load_config_invalid_upstream_dns_json_returns_error ... ok
test dhcp::tests::dhcp::load_config_missing_keys_uses_defaults ... ok
test dhcp::tests::dhcp::multiple_macs_get_distinct_ips ... ok
test dhcp::tests::dhcp::pool_size_zero_when_end_before_start ... ok
test dhcp::tests::dhcp::preview_config_rejects_inverted_range ... ok
test dhcp::tests::dhcp::preview_config_reports_affected_without_mutating ... ok
test dhcp::tests::dhcp::release_lease_frees_ip_for_reassignment ... ok
test dhcp::tests::dhcp::release_lease_marks_active_as_released ... ok
test dhcp::tests::dhcp::release_lease_noop_when_no_active_lease ... ok
test dhcp::tests::dhcp::renew_lease_assigns_new_when_no_active_lease ... ok
test dhcp::tests::dhcp::renew_lease_does_not_migrate_when_reservation_matches_current_ip ... ok
test dhcp::tests::dhcp::renew_lease_extends_existing ... ok
test dhcp::tests::dhcp::renew_lease_extends_expiry_into_the_future ... ok
test dhcp::tests::dhcp::renew_lease_migrates_orphaned_lease_when_reservation_deleted ... ok
test dhcp::tests::dhcp::renew_lease_migrates_to_reserved_ip_when_reservation_changed ... ok
test dhcp::tests::dhcp::renew_lease_publishes_event_with_updated_hostname ... ok
test dhcp::tests::dhcp::reservation_inside_zone_subnet_is_honoured ... ok
test dhcp::tests::dhcp::reservation_outside_zone_subnet_falls_back_to_pool ... ok
test dhcp::tests::dhcp::revoke_lease_not_active ... ok
test dhcp::tests::dhcp::revoke_lease_not_found ... ok
test dhcp::tests::dhcp::revoke_lease_success ... ok
test dhcp::tests::dhcp::scope_known_device_uses_its_zone_subnet ... ok
test dhcp::tests::dhcp::scope_member_isolation_advertises_slash32_but_allocates_in_pool ... ok
test dhcp::tests::dhcp::scope_unknown_mac_uses_default_for_new_zone_subnet ... ok
test dhcp::tests::dhcp::scope_zone_without_subnet_falls_back_to_base ... ok
test dhcp::tests::dhcp::status_excludes_reservations_outside_pool ... ok
test dhcp::tests::dhcp::status_includes_reservations_in_pool_used ... ok
test dhcp::tests::dhcp::status_returns_pool_info ... ok
test dhcp::tests::dhcp::toggle_enabled ... ok
test dhcp::tests::dhcp::update_config_clears_garp_router_mac ... ok
test dhcp::tests::dhcp::update_config_idempotent_when_garp_unset ... ok
test dhcp::tests::dhcp::update_config_invalid_ip ... ok
test dhcp::tests::dhcp::update_config_invalid_pool_end ... ok
test dhcp::tests::dhcp::update_config_invalid_router_ip ... ok
test dhcp::tests::dhcp::update_config_invalid_subnet_mask ... ok
test dhcp::tests::dhcp::update_config_invalid_upstream_dns ... ok
test dhcp::tests::dhcp::update_config_pool_end_before_start ... ok
test dhcp::tests::dhcp::update_config_rejects_public_pool ... ok
test dhcp::tests::dhcp::update_config_rejects_public_pool_end ... ok
test dhcp::tests::dhcp::update_config_rejects_public_router_ip ... ok
test dhcp::tests::dhcp::update_config_revokes_only_out_of_range_unreserved_leases ... ok
test dhcp::tests::dhcp::update_config_success ... ok
test dhcp::tests::dhcp::update_config_with_valid_router_ip ... ok
test dhcp::tests::runner::mock_server_start_increments_counter ... ok
test dhcp::tests::runner::runner_does_not_start_server_when_dhcp_disabled ... ok
test dhcp::tests::runner::runner_exits_when_event_bus_closed ... ok
test backup::tests::service::round_trip_export_preview_apply ... ok
test dhcp::tests::runner::runner_handles_config_load_failure ... ok
test dhcp::tests::runner::runner_performs_cleanup_on_interval ... ok
test dhcp::tests::runner::runner_receives_events ... ok
test dhcp::tests::runner::runner_shutdown_is_idempotent ... ok
test dhcp::tests::runner::runner_starts_server_when_dhcp_enabled ... ok
test diagnostics::tests::every_code_has_a_non_empty_hint ... ok
test diagnostics::tests::ignores_non_error_events ... ok
test dhcp::tests::runner::runner_handles_start_failure_gracefully ... ok
test diagnostics::tests::listener_records_error_events_and_ignores_the_rest ... ok
test diagnostics::tests::maps_dhcp_conflict_to_warning ... ok
test diagnostics::tests::maps_tunnel_start_failed_to_error_diagnostic ... ok
test diagnostics::tests::maps_update_failed_and_route_table_lost ... ok
test diagnostics::tests::preserves_source_event_timestamp ... ok
test diagnostics::tests::severity_and_code_string_forms_are_stable ... ok
test diagnostics::tests::store_clones_share_one_buffer ... ok
test diagnostics::tests::store_evicts_oldest_beyond_capacity ... ok
test diagnostics::tests::store_returns_entries_oldest_first ... ok
test diagnostics::tests::store_starts_empty ... ok
test diagnostics::tests::listener_exits_when_the_event_bus_closes ... ok
test device::tests::discovery::flap_ignored_observations_still_count_as_presence ... ok
test dns::tests::authoritative::authoritative_zone_exact_match ... ok
test dns::tests::authoritative::authoritative_zone_ignores_disabled_zone ... ok
test dns::tests::authoritative::authoritative_zone_longest_suffix_wins ... ok
test dns::tests::authoritative::authoritative_zone_partial_label_not_matched ... ok
test dns::tests::authoritative::authoritative_zone_serial_from_updated_at ... ok
test dns::tests::authoritative::authoritative_zone_suffix_match ... ok
test dns::tests::authoritative::authoritative_zone_unrelated_name_not_matched ... ok
test dns::tests::authoritative::build_filters_disabled_records ... ok
test dns::tests::authoritative::build_filters_records_in_disabled_zone ... ok
test dns::tests::authoritative::build_includes_records_in_enabled_zone ... ok
test dns::tests::authoritative::build_includes_unzoned_records ... ok
test dns::tests::authoritative::build_soa_record_shape ... ok
test dns::tests::authoritative::disabled_wildcard_is_ignored ... ok
test dns::tests::authoritative::explicit_record_shadows_the_wildcard ... ok
test dns::tests::authoritative::longest_wildcard_suffix_wins ... ok
test dns::tests::authoritative::lookup_all_returns_all_types ... ok
test dns::tests::authoritative::lookup_cname ... ok
test dns::tests::authoritative::lookup_exact_type_match ... ok
test dns::tests::authoritative::lookup_returns_empty_slice_for_known_domain_unknown_type ... ok
test dns::tests::authoritative::lookup_returns_none_for_unknown_domain ... ok
test dns::tests::authoritative::match_forwarding_rule_exact ... ok
test dns::tests::authoritative::match_forwarding_rule_ignores_disabled ... ok
test dns::tests::authoritative::match_forwarding_rule_longest_wins ... ok
test dns::tests::authoritative::match_forwarding_rule_no_match ... ok
test dns::tests::authoritative::match_forwarding_rule_suffix ... ok
test dns::tests::authoritative::parse_conditional_upstream_bare_ipv4 ... ok
test dns::tests::authoritative::parse_conditional_upstream_ipv4_with_port ... ok
test dns::tests::authoritative::parse_conditional_upstream_ipv6_bare ... ok
test dns::tests::authoritative::parse_ptr_ipv4_rejects_non_host_names ... ok
test dns::tests::authoritative::parse_ptr_ipv4_reverses_the_octet_order ... ok
test dns::tests::authoritative::private_reverse_zone_classifies_rfc6303_blocks ... ok
test dns::tests::authoritative::reverse_index_inverts_private_a_records ... ok
test dns::tests::authoritative::reverse_index_skips_public_and_disabled_records ... ok
test dns::tests::authoritative::wildcard_matches_deeper_names_too ... ok
test dns::tests::authoritative::wildcard_matches_one_label_below_the_suffix ... ok
test dns::tests::authoritative::wildcard_never_matches_the_bare_suffix ... ok
test dns::tests::authoritative::wildcard_requires_a_label_boundary ... ok
test dns::tests::authoritative::wildcard_type_miss_falls_through_not_nodata ... ok
test dns::tests::cache::aged_ttl_floors_at_one_and_never_wraps ... ok
test dns::tests::cache::case_insensitive ... ok
test dns::tests::cache::different_record_types_cached_separately ... ok
test dns::tests::cache::eviction_skips_slots_of_invalidated_entries ... ok
test dns::tests::cache::evicts_when_at_capacity ... ok
test dns::tests::cache::expired_entry_is_not_served ... ok
test dns::tests::cache::flush_clears_all ... ok
test dns::tests::cache::fresh_hit_serves_ttl_no_larger_than_inserted ... ok
test dns::tests::cache::hit_ages_additional_record_ttls ... ok
test dns::tests::cache::hit_ages_answer_and_authority_ttls ... ok
test dns::tests::cache::hit_ages_records_but_leaves_the_edns_opt_untouched ... ok
test dns::tests::cache::hit_rate_tracking ... ok
test dns::tests::cache::hit_stamps_the_querying_transaction_id ... ok
test dns::tests::cache::insert_and_get ... ok
test dns::tests::cache::insert_at_capacity_keeps_eviction_work_bounded ... ok
test dns::tests::cache::overwritten_entry_survives_its_stale_queue_slot ... ok
test dns::tests::cache::repeated_overwrites_compact_stale_queue_slots ... ok
test dns::tests::cache::served_ttl_capped_by_remaining_entry_lifetime ... ok
test dns::tests::cache::sweep_reclaims_expired_entries_before_evicting_live_ones ... ok
test dns::tests::cache::trailing_dot_normalized_across_insert_get_and_invalidate ... ok
test dns::tests::cache::ttl_min_clamp ... ok
test dns::tests::cache::upstream_id_separates_cache_entries ... ok
test dns::tests::cache::zero_ttl_not_cached ... ok
test dns::tests::cache::zero_ttl_record_is_not_inflated ... ok
test dns::runner::tests::build_view_includes_seeded_lan_zone ... ok
test dns::runner::tests::runner_starts_server_loads_view_and_rebuilds_on_event ... ok
test dns::tests::capture_runner::channel_closed_exits_runner ... ok
test dns::tests::capture_runner::prune_loop_calls_prune_for_enabled_device ... ok
test dns::tests::capture_runner::prune_loop_deletes_data_for_disabled_device ... ok
test dns::tests::capture_runner::prune_loop_deletes_data_for_unknown_device ... ok
test dns::tests::capture_runner::rows_for_non_enabled_device_are_skipped ... ok
test dns::tests::capture_runner::rows_with_enabled_device_are_inserted ... ok
test dns::tests::capture_runner::rows_without_device_id_are_skipped ... ok
test dns::tests::capture_runner::settings_changed_event_disables_device ... ok
test dns::tests::capture_runner::shutdown_completes ... ok
test backup::tests::service::preview_import_reports_incompatible_when_schema_is_newer ... ok
test dns::tests::dhcp_lan_runner::empty_or_whitespace_is_none ... ok
test dns::tests::dhcp_lan_runner::fqdn_keeps_only_first_label ... ok
test dns::tests::dhcp_lan_runner::lowercased_and_trimmed ... ok
test dns::tests::capture_runner::prune_loop_warns_on_device_settings_error ... ok
test dns::tests::capture_runner::start_load_failure_begins_with_empty_cache ... ok
test dns::tests::capture_runner::settings_changed_event_enables_device ... ok
test dns::tests::dhcp_lan_runner::register_lease_skips_empty_hostname ... ok
test dns::tests::dhcp_lan_runner::register_lease_upserts_lan_record_with_half_lease_ttl ... ok
test dns::tests::dhcp_lan_runner::single_label_passthrough ... ok
test dns::tests::filter_parser::adblock_domain_is_lowercased ... ok
test dns::tests::filter_parser::adblock_empty_after_pipes_errors ... ok
test dns::tests::filter_parser::adblock_exception_sets_allow ... ok
test dns::tests::dhcp_lan_runner::register_lease_skips_when_lan_zone_missing ... ok
test dns::tests::filter_parser::adblock_header_is_skipped ... ok
test dns::tests::filter_parser::adblock_style_domain_block ... ok
test dns::tests::filter_parser::adblock_exception_wildcard_pattern ... ok
test dns::tests::filter_parser::adblock_style_wildcard_in_middle ... ok
test dns::tests::filter_parser::adblock_style_wildcard_becomes_pattern ... ok
test dns::tests::filter_parser::adblock_style_without_trailing_separator ... ok
test dns::tests::filter_parser::bang_comment_is_skipped ... ok
test dns::tests::filter_parser::bare_domain_block ... ok
test dns::tests::filter_parser::bare_domain_trailing_dot_trimmed ... ok
test dns::tests::filter_parser::blank_line_is_skipped ... ok
test dns::tests::filter_parser::client_bare_ip_becomes_host_network ... ok
test dns::tests::filter_parser::client_cidr ... ok
test dns::tests::filter_parser::client_invalid_cidr_errors ... ok
test dns::tests::filter_parser::client_invalid_errors ... ok
test dns::tests::filter_parser::client_empty_pipe_segment_errors ... ok
test dns::tests::filter_parser::client_missing_value_errors ... ok
test dns::tests::filter_parser::client_multiple_pipe_separated ... ok
test dns::tests::filter_parser::dnsrewrite_invalid_ip_errors ... ok
test dns::tests::filter_parser::dnsrewrite_ipv4 ... ok
test dns::tests::filter_parser::dnsrewrite_ipv6 ... ok
test dns::tests::filter_parser::dnsrewrite_missing_value_errors ... ok
test dns::tests::filter_parser::dnstype_case_insensitive ... ok
test dns::tests::filter_parser::dnstype_empty_pipe_segment_errors ... ok
test dns::tests::filter_parser::dnstype_invalid_value_errors ... ok
test dns::tests::filter_parser::dnstype_multiple_pipe_separated ... ok
test dns::tests::filter_parser::domain_too_long_is_rejected ... ok
test dns::tests::filter_parser::empty_modifier_segment_is_ignored ... ok
test dns::tests::filter_parser::dnstype_single ... ok
test dns::tests::filter_parser::hash_comment_is_skipped ... ok
test dns::tests::filter_parser::hosts_file_ipv6_zero_block ... ok
test dns::tests::filter_parser::hosts_file_ipv6_one_block ... ok
test dns::tests::filter_parser::hosts_file_last_token_is_domain ... ok
test dns::tests::dhcp_lan_runner::register_lease_uses_fallback_ttl_when_config_unreadable ... ok
test dns::tests::filter_parser::hosts_file_localhost_is_skipped ... ok
test dns::tests::filter_parser::hosts_file_rejects_non_sentinel_ip ... ok
test dns::tests::filter_parser::hosts_file_loopback_block ... ok
test dns::tests::filter_parser::hosts_file_zero_block ... ok
test dns::tests::filter_parser::important_flag ... ok
test dns::tests::filter_parser::important_with_value_errors ... ok
test dns::tests::filter_parser::invalid_characters_rejected ... ok
test dns::tests::filter_parser::modifier_without_value_errors ... ok
test dns::tests::filter_parser::multiple_modifiers_comma_separated ... ok
test dns::tests::filter_parser::regex_empty_pattern_errors ... ok
test dns::tests::filter_parser::is_allow_returns_exception_flag ... ok
test dns::tests::filter_parser::regex_invalid_pattern_errors ... ok
test dns::tests::filter_parser::regex_exception_sets_allow ... ok
test dns::tests::filter_parser::regex_with_modifiers ... ok
test dns::tests::filter_parser::regex_with_trailing_garbage_after_close_errors ... ok
test dns::tests::filter_parser::rule_modifiers_is_empty_default ... ok
test dns::tests::filter_parser::rule_modifiers_not_empty_with_important ... ok
test dns::tests::filter_parser::single_token_without_dot_is_rejected ... ok
test dns::tests::filter_parser::slash_without_closing_slash_errors ... ok
test dns::tests::filter_parser::unknown_modifier_errors ... ok
test dns::tests::log_sink::blocked_outcome_records_by_domain_stat ... ok
test dns::tests::log_sink::broadcast_send_is_fire_and_forget_with_no_subscribers ... ok
test dns::tests::log_sink::capture_dropped_counter_starts_zero_and_resets ... ok
test dns::tests::log_sink::capture_forwarded_when_device_id_set ... ok
test dns::tests::log_sink::capture_skipped_without_device_id ... ok
test dns::tests::filter_parser::regex_rule ... ok
test dns::tests::log_sink::new_with_stats_records_by_domain_only_for_blocked ... ok
test dns::tests::log_sink::persist_full_increments_dropped_counter ... ok
test dns::tests::log_sink::new_with_stats_records_dns_query_metrics ... ok
test dns::tests::log_sink::record_increments_dropped_when_persist_full ... ok
test dns::tests::log_sink::record_pushes_to_persist_and_broadcast ... ok
test dns::tests::filter_parser::wildcard_with_unusual_characters ... ok
test dns::tests::log_sink::records_by_device_only_when_device_attributed ... ok
test dns::tests::log_sink::records_by_tracker_for_blocked_known_trackers_only ... ok
test dns::tests::log_sink::take_dropped_resets_counter ... ok
test dns::tests::query_log_runner::cleanup_logs_error_on_repo_failure ... ok
test dns::tests::query_log_runner::cleanup_skips_when_disabled ... ok
test dns::tests::query_log_runner::cleanup_runs_when_enabled ... ok
test dns::tests::query_log_runner::flush_no_op_on_empty_buffer ... ok
test dns::tests::query_log_runner::flush_logs_error_on_repo_failure ... ok
test dns::tests::query_log_runner::flush_treats_config_error_as_enabled ... ok
test dns::tests::query_log_runner::runner_drains_remaining_on_shutdown ... ok
test dns::tests::service::get_dns_config_allows_admin_caller ... ok
test dns::tests::service::get_dns_config_rejects_anonymous_caller ... ok
test dns::tests::dhcp_lan_runner::runner_registers_lease_from_dhcp_event ... ok
test dns::tests::service::keeping_the_selected_server_while_editing_list_is_accepted ... ok
test dns::tests::service::non_single_modes_clear_the_selection ... ok
test dns::tests::service::removing_the_selected_server_is_rejected ... ok
test dns::tests::service::selecting_a_listed_server_is_accepted ... ok
test dns::tests::service::selecting_an_unlisted_server_is_rejected ... ok
test dns::tests::service::single_mode_persists_and_reloads ... ok
test dns::tests::service::single_mode_with_unlisted_server_is_rejected ... ok
test dns::tests::service::single_mode_without_any_address_is_rejected ... ok
test dns::tests::service::switching_to_failover_clears_single_upstream ... ok
test dns_filter::tests::blocklist_downloader::http_fetcher_returns_body_on_success ... ok
test dns_filter::tests::blocklist_downloader::http_fetcher_errors_on_non_success_status ... ok
test dns_filter::tests::blocklist_downloader::parse_returns_empty_for_html_ish_body ... ok
test dns_filter::tests::blocklist_downloader::parse_extracts_and_dedupes_domain_blocks ... ok
test dns::tests::query_log_runner::runner_drains_into_void_when_disabled ... ok
test dns::tests::query_log_runner::runner_flushes_buffered_rows_when_enabled ... ok
test dns_filter::tests::blocklist_downloader::refresh_download_failure_records_error_and_bails ... ok
test dns_filter::tests::device_context::allow_in_one_profile_overrides_block_in_another ... ok
test dns_filter::tests::device_context::empty_context_with_enabled_false_still_passes_via_check ... ok
test dns_filter::tests::device_context::passes_when_no_profile_matches ... ok
test dns_filter::tests::device_context::rewrite_short_circuits_at_profile_layer ... ok
test dns_filter::tests::device_context::single_profile_block_is_returned ... ok
test dns_filter::tests::device_context::unfiltered_context_passes_everything ... ok
test dns_filter::tests::filter::allowlist_overrides_blocklist ... ok
test dns_filter::tests::filter::blocklist_filter_builder_empty_is_empty ... ok
test dns_filter::tests::filter::blocklist_filter_builder_matches_build ... ok
test dns_filter::tests::filter::case_insensitive_matching ... ok
test dns_filter::tests::filter::client_modifier_restricts_by_ip ... ok
test dns_filter::tests::filter::dnsrewrite_ipv6_returns_rewrite ... ok
test dns_filter::tests::filter::dnsrewrite_overrides_blocklist ... ok
test dns_filter::tests::filter::dnsrewrite_returns_rewrite_action ... ok
test dns_filter::tests::filter::dnstype_modifier_filters_by_query_type ... ok
test dns_filter::tests::filter::empty_filter_passes_everything ... ok
test dns_filter::tests::filter::exact_domain_blocked ... ok
test dns_filter::tests::filter::important_block_overrides_plain_allowlist ... ok
test dns_filter::tests::filter::important_exception_overrides_important_block ... ok
test dns_filter::tests::filter::invalid_custom_rule_is_skipped ... ok
test dns_filter::tests::filter::ipv6_client_matching ... ok
test dns_filter::tests::filter::match_kind_blocks_classification ... ok
test dns_filter::tests::blocklist_downloader::refresh_replaces_domains_clears_error_and_emits_event ... ok
test dns_filter::tests::filter::match_kind_rank_ordering ... ok
test dns_filter::tests::filter::non_empty_filter_is_not_empty ... ok
test dns_filter::tests::filter::normalize_handles_trailing_dot_in_input ... ok
test dns_filter::tests::filter::plain_exception_overrides_plain_block ... ok
test dns_filter::tests::filter::mixed_blocklist_and_custom_rules ... ok
test dns_filter::tests::filter::regex_rule_blocks ... ok
test dns_filter::tests::filter::regex_exception_passes ... ok
test dns_filter::tests::filter::subdomain_of_blocked_domain_is_blocked ... ok
test dns_filter::tests::filter::trailing_dot_stripped ... ok
test dns_filter::tests::filter::unrelated_domain_passes ... ok
test dns_filter::tests::filter::stats_are_accurate ... ok
test dns_filter::tests::filter_profile::allow_in_one_filter_overrides_block_in_another ... ok
test dns_filter::tests::filter::wildcard_pattern_blocks ... ok
test dns_filter::tests::filter_profile::arc_swap_replacement_is_visible_to_check ... ok
test dns_filter::tests::filter_profile::empty_profile_returns_none ... ok
test dns_filter::tests::filter_profile::important_block_overrides_plain_allow ... ok
test dns_filter::tests::filter_profile::important_allow_beats_important_block ... ok
test dns_filter::tests::filter_profile::rewrite_short_circuits_aggregation ... ok
test dns_filter::tests::filter_profile::single_filter_block_decides ... ok
test dns_filter::tests::filter_profile::unmatched_query_returns_none ... ok
test dns_filter::tests::runner::bootstrap_calls_rebuild_all ... ok
test dns_filter::tests::runner::default_profile_change_rebuilds_default_context ... ok
test dns_filter::tests::runner::device_assignment_change_rebuilds_device ... ok
test dns_filter::tests::runner::device_ip_changed_propagates_to_service ... ok
test dns_filter::tests::runner::cron_tick_refreshes_due_blocklists ... ok
test dns_filter::tests::runner::dns_filter_blocklist_updated_rebuilds_one_filter ... ok
test dns_filter::tests::runner::global_toggle_change_rebuilds_default_context ... ok
test dns_filter::tests::runner::profile_content_change_rebuilds_profile ... ok
test dns_filter::tests::runner::profile_membership_change_rebuilds_profile ... ok
test dns_filter::tests::blocklist_downloader::refresh_zero_domains_records_error_and_bails ... ok
test dns_filter::tests::blocklist_downloader::refresh_reports_progress_through_job_reporter ... ok
test dns_filter::tests::runner::unrelated_events_are_ignored ... ok
test dns_filter::tests::service::check_for_device_uses_the_device_context_for_an_uncovered_ip ... ok
test dns_filter::tests::service::check_for_device_falls_back_to_the_default_context_for_unknown_devices ... ok
test dns_filter::tests::service::check_passes_when_device_kill_switch_off_and_records_would_have_blocked ... ok
test dns_filter::tests::service::check_passes_when_global_emergency_stop_off ... ok
test dns_filter::tests::service::create_allowlist_rejects_missing_dot_domain ... ok
test dns_filter::tests::service::create_allowlist_rejects_empty_domain ... ok
test dns_filter::tests::service::check_uses_default_context_for_unknown_ip ... ok
test dns_filter::tests::service::create_allowlist_round_trips ... ok
test dns_filter::tests::service::create_allowlist_validates_domain ... ok
test dns_filter::tests::service::create_blocklist_rejects_invalid_cron ... ok
test dns_filter::tests::service::create_blocklist_rejects_non_http_url ... ok
test dns_filter::tests::service::create_blocklist_under_profile ... ok
test dns_filter::tests::service::create_custom_rule_rejects_invalid_rule_text ... ok
test dns_filter::tests::service::create_profile_rejects_description_over_200_chars ... ok
test dns_filter::tests::service::create_blocklist_under_unknown_profile_returns_not_found ... ok
test dns_filter::tests::service::create_profile_rejects_empty_name ... ok
test dns_filter::tests::service::create_profile_round_trips ... ok
test dns_filter::tests::service::custom_rule_round_trip ... ok
test dns_filter::tests::service::create_profile_with_description_round_trips ... ok
test dns_filter::tests::service::delete_allowlist_unknown_returns_not_found ... ok
test dns_filter::tests::service::delete_blocklist_unknown_returns_not_found ... ok
test dns_filter::tests::service::delete_builtin_profile_returns_conflict ... ok
test dns_filter::tests::service::delete_blocklist_removes_it ... ok
test dns_filter::tests::service::delete_custom_profile_publishes_membership_event ... ok
test dns_filter::tests::service::delete_unknown_profile_returns_not_found ... ok
test dns_filter::tests::service::filter_config_reports_fail_open_until_lists_are_imported ... ok
test dns_filter::tests::service::delete_custom_rule_unknown_returns_not_found ... ok
test dns_filter::tests::service::get_device_settings_for_unconfigured_device_returns_defaults ... ok
test dns_filter::tests::service::get_profile_unknown_returns_not_found ... ok
test dns_filter::tests::service::get_filter_config_returns_seed_default ... ok
test dns_filter::tests::service::handle_device_ip_changed_moves_context_to_new_ip ... ok
test dns_filter::tests::service::list_allowlist_unknown_profile_returns_not_found ... ok
test dns_filter::tests::service::list_blocklists_unknown_profile_returns_not_found ... ok
test dns_filter::tests::service::list_device_settings_filtered_by_enabled_false ... ok
test dns_filter::tests::service::list_custom_rules_unknown_profile_returns_not_found ... ok
test dns_filter::tests::service::list_device_settings_returns_persisted_rows ... ok
test dns_filter::tests::service::list_profiles_returns_three_seeded_builtins ... ok
test dns_filter::tests::service::rebuild_default_context_uses_configured_default_profile ... ok
test dns_filter::tests::service::rebuild_blocklist_filter_loads_domains ... ok
test dns_filter::tests::service::rebuild_device_with_no_settings_substitutes_default_context ... ok
test dns_filter::tests::service::rebuild_methods_reject_non_admin_caller ... ok
test dns_filter::tests::service::rebuild_profile_recomposes_filters ... ok
test dns_filter::tests::service::refresh_blocklist_dispatches_a_job ... ok
test dns_filter::tests::service::refresh_unknown_blocklist_returns_not_found ... ok
test dns_filter::tests::service::update_blocklist_partial_fields ... ok
test dns_filter::tests::service::update_blocklist_with_no_fields_is_a_noop ... ok
test dns_filter::tests::service::update_device_settings_with_unknown_profile_returns_bad_request ... ok
test dns_filter::tests::service::update_device_settings_round_trips ... ok
test dns_filter::tests::service::update_filter_config_accepts_multi_default ... ok
test dns_filter::tests::service::update_filter_config_dedupes_duplicate_default_ids ... ok
test dns_filter::tests::service::update_filter_config_with_unknown_default_profile_returns_not_found ... ok
test dns_filter::tests::service::update_filter_config_partial_update_semantics ... ok
test dns_filter::tests::service::update_profile_clears_description ... ok
test dns_filter::tests::service::update_profile_on_builtin_returns_conflict ... ok
test dns_filter::tests::service::update_profile_rejects_empty_name ... ok
test dns_filter::tests::service::update_profile_rejects_description_over_200_chars ... ok
test dns_filter::tests::service::update_profile_renames ... ok
test dns_filter::tests::service::update_profile_sets_description ... ok
test dns_local::tests::create_and_get_zone_round_trips ... ok
test dns_filter::tests::service::update_profile_unknown_id_returns_not_found ... ok
test dns_local::tests::create_and_list_forwarding_rule ... ok
test dns_local::tests::create_forwarding_rule_duplicate_domain_is_conflict ... ok
test dns_local::tests::create_forwarding_rule_rejects_a_wildcard ... ok
test dns_local::tests::create_forwarding_rule_rejects_empty_upstream ... ok
test dns_local::tests::create_record_accepts_a_leading_wildcard ... ok
test dns_local::tests::create_record_rejects_domain_without_dot ... ok
test dns_local::tests::create_record_duplicate_domain_type_is_conflict ... ok
test dns_local::tests::create_record_round_trips_and_lists_by_zone ... ok
test dns_local::tests::create_zone_duplicate_name_is_conflict ... ok
test dns_local::tests::create_record_with_unknown_zone_is_not_found ... ok
test dns_local::tests::create_zone_is_manual_sourced ... ok
test dns_local::tests::create_zone_rejects_empty_name ... ok
test dns_local::tests::delete_forwarding_rule_missing_is_not_found ... ok
test dns_local::tests::delete_record_missing_is_not_found ... ok
test dns_local::tests::delete_system_zone_is_forbidden ... ok
test dns_local::tests::delete_zone_then_missing_is_not_found ... ok
test dns_local::tests::get_zone_missing_is_not_found ... ok
test dns_local::tests::list_zone_records_missing_zone_is_not_found ... ok
test dns_local::tests::methods_require_admin ... ok
test dns_local::tests::list_zones_includes_created ... ok
test dns_local::tests::update_forwarding_rule_missing_is_not_found ... ok
test dns_local::tests::update_record_clears_zone_link ... ok
test inbound_wg::tests::service::add_peer_config_carries_private_key_never_persisted ... ok
test inbound_wg::tests::service::add_peer_rejected_for_unmanaged_device ... ok
test inbound_wg::tests::service::add_peer_rejected_when_disabled ... ok
test inbound_wg::tests::service::add_peer_rolls_back_row_when_interface_fails ... ok
test inbound_wg::tests::service::add_peer_without_entitlement_is_forbidden ... ok
test inbound_wg::tests::service::disable_does_not_delete_peer_rows ... ok
test inbound_wg::tests::service::disable_is_allowed_without_entitlement ... ok
test inbound_wg::tests::service::disable_persists_even_when_interface_teardown_fails ... ok
test inbound_wg::tests::service::enable_caches_public_key_when_keypair_predates_cache ... ok
test inbound_wg::tests::service::enable_persists_config_and_calls_backends ... ok
test inbound_wg::tests::service::enable_without_entitlement_is_forbidden ... ok
test inbound_wg::tests::service::get_config_reads_without_mutating ... ok
test inbound_wg::tests::service::reconcile_disables_server_when_entitlement_lost ... ok
test dns_local::tests::update_record_missing_is_not_found ... ok
test inbound_wg::tests::service::reconcile_reenables_peers_when_enabled ... ok
test inbound_wg::tests::service::requires_admin ... ok
test inbound_wg::tests::service::remove_peer_deletes_row ... ok
test inbound_wg::tests::service::second_peer_gets_next_free_ip ... ok
test inbound_wg::tests::service::set_peer_enabled_disable_removes_from_interface_but_keeps_row ... ok
test inbound_wg::tests::service::set_peer_enabled_not_found_returns_404 ... ok
test inbound_wg::tests::service::set_peer_enabled_noop_when_already_in_requested_state ... ok
test inbound_wg::tests::service::set_peer_enabled_reenable_readmits_same_credential ... ok
test logging::tests::service::download_log_file_forbidden_without_admin_context ... ok
test logging::tests::service::download_log_file_by_name_returns_content ... ok
test logging::tests::service::download_log_file_formats_json_lines ... ok
test logging::tests::service::download_log_file_missing_file_errors ... ok
test logging::tests::service::download_log_file_no_files_not_found ... ok
test logging::tests::service::download_log_file_rejects_path_traversal ... ok
test logging::tests::service::get_recent_errors_forbidden_without_admin_context ... ok
test logging::tests::service::get_recent_errors_is_empty_initially ... ok
test logging::tests::service::download_log_file_returns_content ... ok
test logging::tests::service::get_recent_errors_returns_recorded_diagnostics ... ok
test logging::tests::service::list_log_files_forbidden_without_admin_context ... ok
test logging::tests::service::list_log_files_missing_directory_errors ... ok
test logging::tests::service::list_log_files_ignores_unrelated_files ... ok
test dns_local::tests::update_zone_changes_fields ... ok
test logging::tests::service::list_log_files_orders_by_modified_desc ... ok
test logging::tests::service::log_file_info_serializes_fields ... ok
test logging::tests::service::new_service_is_constructable ... ok
test logging::tests::service::start_all_activates_the_stream_component ... ok
test logging::tests::service::start_all_then_stop_all_is_idempotent ... ok
test logging::tests::service::list_log_files_returns_files ... ok
test logging::tests::service::stream_layer_published_via_service_captures_events ... ok
test logging::tests::service::subscribe_returns_receiver ... ok
test logging::tests::service::subscribe_forbidden_without_admin_context ... ok
test logging::tests::service::tracing_layers_returns_only_the_stream_layer ... ok
test logging::tests::service::list_log_files_picks_newest_as_active_when_configured_missing ... ok
test logging::tests::stream::layer_captures_debug_event ... ok
test logging::tests::stream::layer_broadcasts_unsuppressed_targets ... ok
test logging::tests::stream::layer_captures_bool_field ... ok
test logging::tests::stream::layer_captures_error_event ... ok
test logging::tests::stream::layer_captures_i64_field ... ok
test logging::tests::stream::layer_captures_info_event ... ok
test logging::tests::stream::layer_captures_string_field_via_record_str ... ok
test logging::tests::stream::layer_captures_structured_fields ... ok
test logging::tests::stream::layer_captures_u64_field ... ok
test logging::tests::stream::layer_captures_warn_event ... ok
test logging::tests::stream::layer_does_not_broadcast_suppressed_targets ... ok
test logging::tests::stream::layer_captures_span_fields ... ok
test logging::tests::stream::layer_inactive_does_not_publish ... ok
test logging::tests::stream::layer_merges_nested_span_fields ... ok
test logging::tests::stream::layer_multiple_events_all_received ... ok
test logging::tests::stream::layer_multiple_subscribers_all_receive ... ok
test logging::tests::stream::layer_on_record_updates_span_fields ... ok
test logging::tests::stream::layer_populates_timestamp ... ok
test logging::tests::stream::layer_span_with_bool_field ... ok
test logging::tests::stream::layer_span_with_i64_field ... ok
test logging::tests::stream::layer_span_with_u64_field ... ok
test logging::tests::stream::log_entry_debug_impl_does_not_panic ... ok
test logging::tests::stream::log_entry_serializes_span_when_present ... ok
test logging::tests::stream::log_entry_serializes_fields_when_present ... ok
test logging::tests::stream::log_entry_serializes_without_empty_maps ... ok
test logging::tests::stream::new_creates_service_without_panic ... ok
test logging::tests::stream::start_marks_service_active ... ok
test logging::tests::stream::stop_marks_service_inactive ... ok
test logging::tests::stream::subscribe_returns_receiver ... ok
test logging::tests::suppress::default_suppresses_nothing ... ok
test logging::tests::suppress::empty_prefix_is_discarded ... ok
test logging::tests::stream::suppressed_target_still_broadcasts_errors ... ok
test logging::tests::suppress::leaves_other_targets_alone ... ok
test logging::tests::suppress::matches_target_subtree_by_prefix ... ok
test logging::tests::suppress::never_suppresses_error ... ok
test logging::tests::suppress::suppresses_levels_below_warn ... ok
test dns_local::tests::update_zone_missing_is_not_found ... ok
test network_zone::tests::composition::set_rule_for_ip_is_also_zone_gated ... ok
test network_zone::tests::composition::tunnel_only_zone_accepts_tunnel_target ... ok
test network_zone::tests::composition::direct_only_zone_rejects_default_when_policy_is_a_tunnel ... ok
test network_zone::tests::composition::tunnel_only_zone_rejects_default_when_policy_is_direct ... ok
test network_zone::tests::service::assign_device_moves_zone_and_emits_event ... ok
test network_zone::tests::service::assign_device_rejects_move_that_would_violate_new_zone ... ok
test network_zone::tests::composition::tunnel_only_zone_rejects_direct_target ... ok
test network_zone::tests::service::assign_device_same_zone_is_noop ... ok
test network_zone::tests::service::assign_device_unknown_device_is_404 ... ok
test network_zone::tests::service::assign_device_unknown_zone_is_404 ... ok
test network_zone::tests::service::create_zone_accepts_the_canonical_private_12 ... ok
test network_zone::tests::service::create_zone_forces_manual_and_zero_members ... ok
test network_zone::tests::service::create_zone_rejects_bad_cidr ... ok
test network_zone::tests::service::create_zone_rejects_boundary_straddling_supernet ... ok
test network_zone::tests::service::create_zone_rejects_duplicate_name ... ok
test network_zone::tests::service::create_zone_rejects_empty_targets ... ok
test network_zone::tests::service::create_zone_rejects_public_cidr ... ok
test network_zone::tests::service::create_zone_rejects_subnet_too_small_for_pool ... ok
test network_zone::tests::service::delete_empty_manual_zone_succeeds ... ok
test network_zone::tests::service::delete_rejects_default_for_new_zone ... ok
test network_zone::tests::service::delete_rejects_default_zone ... ok
test network_zone::tests::service::delete_rejects_system_zone ... ok
test network_zone::tests::service::delete_rejects_zone_with_members ... ok
test network_zone::tests::service::get_zone_unknown_is_404 ... ok
test network_zone::tests::service::every_method_rejects_non_admin ... ok
test network_zone::tests::service::lists_three_seeded_system_zones ... ok
test network_zone::tests::service::quarantine_toggle_defaults_off_and_round_trips ... ok
test network_zone::tests::service::set_default_for_new_is_exclusive ... ok
test network_zone::tests::service::set_default_is_exclusive ... ok
test network_zone::tests::service::update_zone_applies_partial_fields ... ok
test network_zone::tests::service::update_zone_promotes_default_flags ... ok
test network_zone::tests::service::update_zone_rejects_clearing_default_flag ... ok
test private_dns::tests::profile::identifiers_are_stable_across_rebuilds ... ok
test private_dns::tests::profile::identifiers_differ_between_hosts ... ok
test private_dns::tests::profile::plist_matches_golden ... ok
test private_dns::tests::profile::plist_omits_addresses_and_ondemand ... ok
test network_zone::tests::service::update_zone_rejects_bad_subnet_cidr ... ok
test network_zone::tests::service::update_zone_sets_then_clears_subnet ... ok
test private_dns::tests::profile::xml_metacharacters_are_escaped ... ok
test network_zone::tests::service::update_zone_rejects_narrowing_that_strands_a_member ... ok
test private_dns::tests::runner::entitlement_loss_event_rechecks_state ... ok
test private_dns::tests::runner::health_down_only_when_enabled_cert_live_but_not_running ... ok
test private_dns::tests::runner::health_up_when_cert_not_yet_issued ... ok
test private_dns::tests::runner::health_up_when_disabled ... ok
test private_dns::tests::profile::signed_profile_is_valid_cms_signeddata ... ok
test private_dns::tests::runner::grant_revoked_event_disconnects_the_device ... ok
test private_dns::tests::profile::signed_profile_signature_verifies ... ok
test private_dns::tests::runner::starts_the_server_when_enabled_and_cert_is_live ... ok
test private_dns::tests::runner::reacts_to_private_dns_changed_events ... ok
test private_dns::tests::runner::status_read_error_keeps_the_listener_down ... ok
test private_dns::tests::service::anonymous_callers_are_rejected ... ok
test private_dns::tests::service::device_grant_returns_only_this_devices_grant ... ok
test private_dns::tests::service::device_profile_is_none_when_disabled_or_ungranted ... ok
test private_dns::tests::runner::stays_down_while_disabled ... ok
test private_dns::tests::service::disable_is_allowed_without_entitlement_and_removes_wildcard ... ok
test private_dns::tests::service::enable_persists_seeds_wildcard_and_publishes ... ok
test private_dns::tests::service::enable_without_entitlement_is_forbidden ... ok
test private_dns::tests::service::enable_without_issued_cert_conflicts ... ok
test private_dns::tests::service::enable_without_wardnet_provider_conflicts ... ok
test private_dns::tests::service::encode_base32_known_vectors ... ok
test private_dns::tests::service::grant_for_unknown_device_is_not_found ... ok
test private_dns::tests::service::grant_mints_a_16_char_base32_token ... ok
test private_dns::tests::service::grant_requires_the_feature_enabled ... ok
test private_dns::tests::service::grant_without_entitlement_is_forbidden ... ok
test private_dns::tests::runner::stays_down_without_an_issued_cert ... ok
test private_dns::tests::service::is_enabled_reflects_the_flag_without_a_ddns_round_trip ... ok
test private_dns::tests::service::device_profile_signs_when_granted_and_cert_present ... ok
test private_dns::tests::service::minted_tokens_are_unique_and_well_formed ... ok
test private_dns::tests::service::list_grants_returns_all_rows ... ok
test private_dns::tests::service::reconcile_keeps_an_entitled_box_enabled ... ok
test private_dns::tests::service::reconcile_persists_disable_when_entitlement_lost ... ok
test private_dns::tests::service::resolve_token_round_trips_and_rejects_unknown ... ok
test private_dns::tests::service::revoke_deletes_the_grant_and_cuts_token_resolution ... ok
test private_dns::tests::service::revoke_unknown_grant_is_not_found ... ok
test private_dns::tests::service::second_grant_for_the_same_device_conflicts ... ok
test private_dns::tests::runner::tls_read_error_keeps_the_listener_down ... ok
test push::tests::admin_notification_is_persisted_even_with_zero_subscriptions ... ok
test push::tests::admin_lock_with_no_device_subscription_delivers_nothing ... ok
test push::tests::build_request_rejects_wrong_length_auth ... ok
test push::tests::build_request_sets_web_push_headers ... ok
test push::tests::admin_lock_notifies_the_target_device_only ... ok
test push::tests::build_request_vapid_token_verifies_against_advertised_key ... ok
test push::tests::admin_notification_is_persisted_when_delivery_fails_transiently ... ok
test push::tests::admin_routing_change_targets_device_user_change_targets_admins ... ok
test push::tests::from_bytes_rejects_wrong_length_without_panicking ... ok
test push::tests::device_keyed_notifications_are_not_persisted_to_the_feed ... ok
test push::tests::delivery_is_dropped_when_vapid_key_is_corrupt ... ok
test push::tests::device_keyed_payload_omits_url_but_keeps_kind_and_subject ... ok
test push::tests::gone_subscriptions_are_pruned ... ok
test push::tests::recent_notifications_requires_admin_and_returns_newest_first ... ok
test push::tests::new_device_quarantined_notifies_admins ... ok
test push::tests::offline_notification_falls_back_when_tunnel_unknown ... ok
test push::tests::send_maps_unbuildable_subscription_to_gone ... ok
test push::tests::send_maps_network_error_to_transient ... ok
test push::tests::send_classifies_http_responses ... ok
test push::tests::rule_request_notifies_admins_and_lands_in_the_feed ... ok
test push::tests::subscribe_picks_owner_from_auth_context ... ok
test push::tests::subscribe_rejects_anonymous_caller ... ok
test push::tests::subscribe_rejects_non_https_endpoint ... ok
test push::tests::tunnel_down_notifies_admins_only_when_interface_absent ... ok
test push::tests::unsubscribe_by_endpoint_cannot_remove_another_owners_subscription ... ok
test push::tests::tunnel_offline_payload_carries_kind_url_and_tunnel_subject ... ok
test push::tests::vapid_public_key_is_stable_across_reload ... ok
test push::tests::unsubscribe_without_endpoint_removes_all_caller_subscriptions ... ok
test push::tests::user_change_with_unknown_device_and_default_target_notifies_admins ... ok
test push::tests::vapid_public_key_is_generated_once_and_stable ... ok
test routing::tests::routing::apply_rule_default_resolves_to_direct ... ok
test routing::tests::routing::apply_rule_direct_is_noop_for_kernel ... ok
test routing::tests::routing::apply_rule_injects_tcp_rst_on_switch ... ok
test routing::tests::routing::apply_rule_same_rule_is_noop ... ok
test routing::tests::routing::apply_rule_tunnel_adds_ip_rule_and_masquerade ... ok
test routing::tests::routing::apply_rule_tunnel_brings_up_down_tunnel ... ok
test routing::tests::routing::apply_rule_without_auth_context_fails ... ok
test routing::tests::routing::apply_rule_tunnel_not_found_falls_back_to_direct ... ok
test routing::tests::routing::apply_rule_tunnel_with_override_marks_dns_upstream_as_tunnel ... ok
test routing::tests::routing::apply_rule_tunnel_without_override_uses_default_upstream ... ok
test routing::tests::routing::device_gone_removes_carveouts ... ok
test routing::tests::routing::devices_using_tunnel_without_auth_context_fails ... ok
test routing::tests::routing::domain_route_direct_installs_main_table_rule ... ok
test routing::tests::routing::domain_route_gc_removes_expired_lease ... ok
test routing::tests::routing::domain_route_reresolve_extends_without_reinstalling ... ok
test routing::tests::routing::domain_route_tunnel_installs_tunnel_table_rule ... ok
test routing::tests::routing::ensure_tunnel_table_falls_back_to_direct_after_max_retries ... ok
test routing::tests::routing::binding_direct_to_tunnel_materializes_stored_targets ... ok
test routing::tests::routing::binding_tunnel_to_direct_removes_carveouts ... ok
test routing::tests::routing::devices_using_tunnel_returns_correct_list ... ok
test routing::tests::routing::ensure_tunnel_table_re_adds_route_when_has_route_table_errors ... ok
test routing::tests::routing::flush_stale_connections_skips_remove_when_add_rst_fails ... ok
test routing::tests::routing::ensure_tunnel_table_re_adds_route_when_kernel_says_missing ... ok
test routing::tests::routing::handle_default_policy_changed_noops_when_policy_unset ... ok
test routing::tests::routing::ensure_tunnel_table_re_adds_when_kernel_route_missing ... ok
test routing::tests::routing::ensure_tunnel_table_retries_on_interface_not_up ... ok
test routing::tests::routing::handle_ip_change_without_auth_context_fails ... ok
test routing::tests::routing::handle_route_table_lost_noop_when_no_devices_affected ... ok
test routing::tests::routing::handle_default_policy_changed_is_idempotent_when_policy_unchanged ... ok
test routing::tests::routing::handle_default_policy_changed_syncs_and_reapplies_default_ruled_devices ... ok
test routing::tests::routing::handle_tunnel_down_without_auth_context_fails ... ok
test routing::tests::routing::handle_ip_change_re_applies_rule ... ok
test routing::tests::routing::handle_tunnel_up_without_auth_context_fails ... ok
test routing::tests::routing::handle_route_table_lost_re_applies_rules ... ok
test routing::tests::routing::reconcile_applies_stored_rules ... ok
test routing::tests::routing::reconcile_cleans_up_orphaned_rules ... ok
test routing::tests::routing::reconcile_enables_forwarding_and_inits_nftables ... ok
test routing::tests::routing::handle_tunnel_up_re_applies_rules ... ok
test routing::tests::routing::reconcile_prunes_stale_carveouts ... ok
test routing::tests::routing::reconcile_without_auth_context_fails ... ok
test routing::tests::routing::ip_change_rekeys_carveouts ... ok
test routing::tests::routing::reconcile_prunes_duplicate_rules_for_active_device ... ok
test routing::tests::routing::remove_device_routes_without_auth_context_fails ... ok
test routing::tests::routing::handle_tunnel_down_removes_affected_device_rules ... ok
test routing::tests::routing::remove_device_kernel_state_drains_duplicate_ip_rules ... ok
test routing::tests::routing::set_default_policy_persists_and_updates_in_memory ... ok
test routing::tests::routing::remove_device_routes_cleans_up_kernel_state ... ok
test routing::tests::routing::set_default_policy_rejects_invalid_value ... ok
test routing::tests::routing::set_default_policy_does_not_touch_explicit_targets ... ok
test routing::tests::routing::set_switchback_targets_on_direct_device_installs_none ... ok
test routing_profile::tests::view::direct_target_resolves ... ok
test routing_profile::tests::view::first_matching_profile_wins_over_specificity ... ok
test routing_profile::tests::view::lower_priority_profile_used_when_higher_does_not_match ... ok
test routing_profile::tests::view::no_profiles_matches_nothing ... ok
test routing_profile::tests::view::single_profile_matches_by_pattern ... ok
test routing_profile::tests::view::within_a_profile_most_specific_wins ... ok
test rule_request::tests::service::admin_list_ok_with_admin_context ... ok
test rule_request::tests::service::admin_list_requires_admin ... ok
test rule_request::tests::service::create_normalizes_domain_and_resolves_device ... ok
test rule_request::tests::service::create_publishes_rule_request_created_event ... ok
test rule_request::tests::service::create_rejects_empty_domain ... ok
test rule_request::tests::service::create_unknown_ip_returns_not_found ... ok
test rule_request::tests::service::decide_ok_records_admin_and_status ... ok
test rule_request::tests::service::decide_rejects_pending_status ... ok
test rule_request::tests::service::decide_unknown_returns_not_found ... ok
test stats::tests::buffer::bucket_ts_is_minute_aligned ... ok
test stats::tests::buffer::different_label_sets_are_separate_entries ... ok
test stats::tests::buffer::drain_clears_buffer ... ok
test stats::tests::buffer::drain_empty_buffer_returns_empty_vec ... ok
test stats::tests::buffer::drain_row_carries_correct_fields ... ok
test stats::tests::buffer::record_counter_accumulates ... ok
test stats::tests::buffer::record_gauge_overwrites ... ok
test stats::tests::flush_runner::empty_buffer_is_not_flushed ... ok
test stats::tests::flush_runner::periodic_flush_drains_buffer ... ok
test stats::tests::flush_runner::shutdown_flushes_non_empty_buffer ... ok
test stats::tests::flush_runner::startup_runs_maintenance_immediately ... ok
test stats::tests::meter::counter_add_accumulates_in_buffer ... ok
test stats::tests::meter::gauge_set_overwrites_in_buffer ... ok
test stats::tests::meter::meter_buffer_returns_shared_buffer_arc ... ok
test stats::tests::service::query_day_returns_daily_points ... ok
test stats::tests::service::query_hour_reads_from_hourly_table ... ok
test stats::tests::service::query_hour_with_label_filter ... ok
test stats::tests::service::query_minute_with_admin_context ... ok
test stats::tests::service::query_minute_with_label_filter ... ok
test stats::tests::service::query_multi_metric_returns_results_map ... ok
test stats::tests::service::query_multi_metric_with_empty_list_returns_empty_results ... ok
test stats::tests::service::query_rejects_when_both_metric_and_metrics_set ... ok
test stats::tests::service::query_rejects_when_neither_metric_nor_metrics_set ... ok
test stats::tests::service::query_returns_forbidden_without_admin_context ... ok
test stats::tests::service::run_flush_delegates_rows_to_repo ... ok
test stats::tests::service::run_flush_empty_is_noop ... ok
test stats::tests::service::run_flush_forbidden_without_admin_context ... ok
test stats::tests::service::run_maintenance_completes_without_error ... ok
test stats::tests::service::run_maintenance_forbidden_without_admin_context ... ok
test stats::tests::service::top_day_bucket_ranks_over_the_daily_tier ... ok
test stats::tests::service::top_returns_forbidden_without_admin_context ... ok
test stats::tests::service::top_with_admin_context ... ok
test routing::tests::routing::set_default_policy_changes_resolution_of_default_target ... ok
test system::tests::system::acknowledge_last_shutdown_anonymous_forbidden ... ok
test system::tests::system::acknowledge_last_shutdown_calls_repo ... ok
test system::tests::system::dhcp_self_probe_classifies_other_ip_as_foreign ... ok
test system::tests::system::dhcp_self_probe_anonymous_forbidden ... ok
test system::tests::system::dhcp_self_probe_handles_both_responders ... ok
test system::tests::system::dhcp_self_probe_classifies_our_ip_as_wardnet ... ok
test system::tests::system::discover_gateway_mac_anonymous_forbidden ... ok
test system::tests::system::dhcp_self_probe_picks_first_foreign_when_multiple ... ok
test system::tests::system::discover_gateway_mac_auto_no_gateway_returns_bad_request ... ok
test system::tests::system::discover_gateway_mac_auto_path_persists_and_uses_gateway ... ok
test system::tests::system::discover_gateway_mac_manual_path_persists_normalised_mac ... ok
test system::tests::system::discover_gateway_mac_manual_path_rejects_invalid_mac ... ok
test system::tests::system::discover_gateway_mac_no_arp_reply_returns_not_found ... ok
test system::tests::system::network_status_anonymous_forbidden ... ok
test system::tests::system::network_status_returns_inspector_snapshot ... ok
test system::tests::system::record_graceful_shutdown_anonymous_forbidden ... ok
test system::tests::system::record_graceful_shutdown_calls_repo ... ok
test system::tests::system::record_heartbeat_admin_succeeds ... ok
test system::tests::system::record_heartbeat_anonymous_forbidden ... ok
test system::tests::system::request_reboot_anonymous_forbidden ... ok
test system::tests::system::request_reboot_device_forbidden ... ok
test system::tests::system::request_reboot_invokes_power_ops_after_grace ... ok
test system::tests::system::request_reboot_returns_immediately ... ok
test system::tests::system::request_shutdown_anonymous_forbidden ... ok
test system::tests::system::request_shutdown_device_forbidden ... ok
test system::tests::system::request_shutdown_invokes_power_ops_after_grace ... ok
test system::tests::system::status_anonymous_forbidden ... ok
test system::tests::system::status_device_forbidden ... ok
test system::tests::system::status_includes_last_shutdown_unclean ... ok
test system::tests::system::status_includes_last_shutdown_unknown ... ok
test system::tests::system::status_returns_correct_values ... ok
test system::tests::system::status_version_comes_from_compile_time_env ... ok
test tests::db_maintenance_runner::run_checkpoint_handles_busy_outcome ... ok
test tests::db_maintenance_runner::run_checkpoint_warns_and_does_not_panic_on_error ... ok
test tests::db_maintenance_runner::run_daily_maintenance_runs_vacuum_checkpoint_and_optimize ... ok
test tests::db_maintenance_runner::run_vacuum_logs_when_pages_reclaimed ... ok
test tests::db_maintenance_runner::run_daily_maintenance_continues_past_errors ... ok
test tests::db_maintenance_runner::run_vacuum_silent_when_nothing_reclaimed ... ok
test tests::db_maintenance_runner::run_vacuum_warns_and_does_not_panic_on_error ... ok
test tests::db_maintenance_runner::runner_shuts_down_cleanly ... ok
test tests::db_maintenance_runner::runner_skips_vacuum_when_same_day ... ok
test tests::entitlement::free_provider_is_never_entitled_even_if_restored ... ok
test tests::entitlement::no_publisher_wired_is_silent ... ok
test tests::entitlement::premium_active_is_entitled ... ok
test tests::entitlement::premium_edges_emit_entitlement_changed ... ok
test tests::entitlement::premium_suspended_is_not_entitled ... ok
test tests::entitlement::set_premium_is_idempotent_and_toggles ... ok
test tests::entitlement::starts_not_entitled ... ok
test tests::entitlement::suspend_restore_edges_emit_only_while_premium ... ok
test tests::entitlement::suspend_then_restore_is_idempotent ... ok
test tests::error::anyhow_converts_to_internal ... ok
test tests::error::bad_request_returns_400_with_detail ... ok
test tests::error::conflict_returns_409_with_detail ... ok
test tests::error::database_returns_500_without_detail ... ok
test tests::error::error_includes_request_id_when_set ... ok
test tests::error::error_omits_request_id_when_not_set ... ok
test tests::error::forbidden_returns_403_with_detail ... ok
test tests::error::internal_returns_500_without_detail ... ok
test tests::error::not_found_returns_404_with_detail ... ok
test tests::db_maintenance_runner::runner_fires_vacuum_on_day_rollover ... ok
test tests::event::multiple_subscribers_each_get_event ... ok
test tests::error::unauthorized_returns_401_with_detail ... ok
test tests::event::publish_with_subscriber_receives_event ... ok
test tests::event::publish_without_subscriber_does_not_panic ... ok
test tests::health::aggregation_all_up_yields_overall_up ... ok
test tests::health::debounce_requires_y_consecutive_failures ... ok
test tests::health::overall_down_when_any_component_down ... ok
test tests::health::recovers_immediately_and_resets_streak_on_success ... ok
test tests::health::snapshot_freshness_tracks_refresh ... ok
test tests::health_checks::database_ping_error_reports_down_with_static_detail ... ok
test tests::health_checks::database_ping_ok_reports_up ... ok
test tests::health_checks::dhcp_config_read_error_reports_down_without_leaking_detail ... ok
test tests::health_checks::dhcp_disabled_reports_up_even_when_not_running ... ok
test tests::health_checks::dhcp_enabled_and_running_reports_up ... ok
test tests::health_checks::dhcp_enabled_but_not_running_reports_down ... ok
test tests::health_checks::dns_config_read_error_reports_down_without_leaking_detail ... ok
test tests::health_checks::dns_disabled_reports_up_even_when_not_running ... ok
test tests::health_checks::dns_enabled_and_running_reports_up ... ok
test tests::health_checks::dns_enabled_but_not_running_reports_down ... ok
test tests::health_checks::liveness_always_reports_up ... ok
test routing::tests::routing::set_switchback_targets_on_tunnel_bound_device_installs_carveouts ... ok
test tests::health::checks_run_concurrently_and_timeout_counts_as_failure ... ok
test tests::init::init_services_with_broadcast_lan_ip_falls_back_to_default_subnet ... ok
test tests::init::init_services_with_factory_builds_every_service ... ok
test routing::tests::routing::set_default_policy_reapplies_already_routed_default_devices ... ok
test tests::jobs::dispatch_records_failure_with_error_message ... ok
test tests::jobs::dispatch_records_pending_then_runs_to_completion ... ok
test tests::jobs::get_returns_none_for_unknown_job ... ok
test tests::jobs::job_status_is_terminal ... ok
test tests::jobs::job_status_serde_matches_wire_names ... ok
test tests::jobs::progress_reporter_updates_percentage ... ok
test tests::maintenance::run_incremental_vacuum_returns_reclaimed_for_admin ... ok
test tests::maintenance::run_optimize_forbidden_without_admin ... ok
test tests::maintenance::run_optimize_maps_repo_error_to_internal ... ok
test tests::maintenance::run_optimize_succeeds_for_admin ... ok
test tests::maintenance::run_wal_checkpoint_forbidden_without_admin ... ok
test tests::maintenance::run_wal_checkpoint_maps_repo_error_to_internal ... ok
test tests::maintenance::run_wal_checkpoint_returns_outcome_for_admin ... ok
test tests::request_context::current_request_id_returns_none_outside_scope ... ok
test tests::request_context::layer_defaults_to_empty_without_extension ... ok
test tests::request_context::layer_propagates_request_id_from_extensions ... ok
test tests::request_context::with_request_id_sets_task_local ... ok
test tests::subnet::canonical_cidr_clears_host_bits ... ok
test tests::subnet::gateway_is_first_host ... ok
test tests::subnet::pool_bounds_for_slash24 ... ok
test tests::subnet::pool_bounds_none_for_slash30 ... ok
test tests::version::bump_patch_increments ... ok
test tests::version::commits_after_tag ... ok
test tests::version::commits_after_tag_dirty ... ok
test tests::version::exact_tag ... ok
test tests::version::exact_tag_dirty ... ok
test tests::version::is_bare_semver_invalid ... ok
test tests::version::is_bare_semver_valid ... ok
test tests::version::no_tags_hash_dirty ... ok
test tests::version::no_tags_hash_only ... ok
test tests::init::init_services_with_factory_respects_disabled_provider ... ok
test tests::init::init_services_without_admin_block_defers_to_setup_wizard ... ok
test tests::version::read_calver_at_trims_whitespace ... ok
test tests::version::read_calver_resolves_workspace_file ... ok
test tests::version::release_version_const_is_nonempty ... ok
test tests::version::version_const_is_nonempty ... ok
test tls::tests::ensure_certificate_inert_when_no_fqdn ... ok
test tls::tests::ensure_certificate_reconciles_split_horizon_when_fresh ... ok
test tls::tests::ensure_certificate_requires_admin ... ok
test tests::init::init_services_bootstraps_admin_from_config ... ok
test tls::tests::mark_provisioning_started_reports_issuing_with_domain ... ok
test tls::tests::ensure_certificate_up_to_date_when_cert_fresh ... ok
test tls::tests::parse_not_after_reads_certificate_validity ... ok
test tls::tests::provisioning_status_idle_when_unconfigured ... ok
test tls::tests::provisioning_status_issued_when_cert_fresh ... ok
test tls::tests::provisioning_status_requires_admin ... ok
test tls::tests::reconcile_split_horizon_spares_user_records ... ok
test tls::tests::renewal_window_threshold ... ok
test tls::tests::runner::a_nudge_does_not_shorten_a_rate_limit_backoff ... ok
test tls::tests::runner::a_nudge_schedules_a_retry_at_the_backoff_floor ... ok
test tls::tests::runner::a_rate_limited_failure_backs_off_for_the_full_window ... ok
test tls::tests::runner::first_retry_after_a_failure_is_soon_not_a_full_cycle ... ok
test tls::tests::runner::rate_limit_errors_are_classified_as_such ... ok
test tls::tests::runner::repeated_nudges_do_not_push_the_retry_out ... ok
test tls::tests::runner::retry_backoff_doubles_and_is_capped ... ok
test tls::tests::runner::unrelated_too_many_errors_stay_transient ... ok
test tls::tests::reconcile_split_horizon_swaps_domain_on_change ... ok
test tls::tests::status_pending_when_stored_cert_is_for_a_different_domain ... ok
test tls::tests::teardown_clears_cert_state_and_deactivates ... ok
test tunnel::tests::key_store::delete_is_idempotent_for_missing_keys ... ok
test tls::tests::status_reflects_stored_state ... ok
test tests::version::read_calver_at_panics_on_empty_file - should panic ... ok
test tests::version::read_calver_at_panics_on_missing_file - should panic ... ok
test tunnel::tests::key_store::load_missing_key_errors ... ok
test tunnel::tests::key_store::delete_removes_key_from_store ... ok
test tunnel::tests::key_store::load_non_utf8_key_errors ... ok
test tunnel::tests::key_store::save_then_load_returns_same_key ... ok
test tunnel::tests::key_store::save_writes_to_wireguard_namespace ... ok
test tunnel::tests::speed_test::speed_test_brings_up_down_tunnel_then_tears_down ... ok
test tunnel::tests::speed_test::speed_test_fails_when_all_latency_probes_fail ... ok
test tunnel::tests::tunnel::bring_up_anonymous_forbidden ... ok
test tunnel::tests::speed_test::speed_test_leg_failure_fails_job ... ok
test tunnel::tests::tunnel::bring_up_empty_server_list_is_fatal ... ok
test tunnel::tests::tunnel::bring_up_not_found ... ok
test tunnel::tests::tunnel::bring_up_internal_succeeds_without_admin_context ... ok
test tunnel::tests::tunnel::bring_up_reresolves_best_server ... ok
test tunnel::tests::tunnel::bring_up_success ... ok
test tunnel::tests::tunnel::bring_up_transient_resolver_error_uses_stored_endpoint ... ok
test tunnel::tests::tunnel::bring_up_with_no_endpoint_uses_none_branch ... ok
test tunnel::tests::tunnel::bring_up_when_iface_already_configured_is_noop ... ok
test tunnel::tests::tunnel::bring_up_with_preshared_key_and_multiple_allowed_ips ... ok
test tunnel::tests::tunnel::bring_up_with_selector_and_resolver_returning_none_uses_stored_endpoint ... ok
test tunnel::tests::tunnel::byte_deltas_counter_reset_does_not_emit_delta ... ok
test tunnel::tests::tunnel::byte_deltas_first_observation_is_baseline_only ... ok
test tunnel::tests::tunnel::byte_deltas_records_positive_increments ... ok
test tunnel::tests::tunnel::collect_stats_ignores_down_tunnels ... ok
test tunnel::tests::tunnel::collect_stats_does_not_change_status ... ok
test tunnel::tests::tunnel::collect_stats_skips_when_stats_none ... ok
test tunnel::tests::tunnel::collect_stats_picks_up_connecting_tunnels ... ok
test tunnel::tests::tunnel::collect_stats_swallows_interface_error ... ok
test tunnel::tests::tunnel::delete_tunnel_anonymous_forbidden ... ok
test tunnel::tests::tunnel::collect_stats_updates_stats_and_publishes_event ... ok
test tunnel::tests::tunnel::delete_tunnel_not_found ... ok
test tunnel::tests::tunnel::delete_tunnel_leaves_unrelated_default_policy_untouched ... ok
test tunnel::tests::tunnel::delete_tunnel_resets_default_policy_pointing_at_it ... ok
test tunnel::tests::tunnel::delete_tunnel_resets_default_policy_stored_in_non_canonical_form ... ok
test tunnel::tests::tunnel::delete_tunnel_success ... ok
test tunnel::tests::tunnel::delete_tunnel_switches_device_rules_and_emits_events ... ok
test tunnel::tests::tunnel::delete_tunnel_with_invalid_device_id_skips_event ... ok
test tunnel::tests::tunnel::delete_tunnel_tears_down_if_up ... ok
test tunnel::tests::tunnel::empty_is_zero ... ok
test tunnel::tests::tunnel::even_count_averages_the_two_middles ... ok
test tunnel::tests::tunnel::delete_tunnel_with_multiple_switched_devices ... ok
test tunnel::tests::tunnel::get_tunnel_anonymous_forbidden ... ok
test tunnel::tests::tunnel::import_tunnel_anonymous_forbidden ... ok
test tunnel::tests::tunnel::import_tunnel_invalid_config ... ok
test tunnel::tests::tunnel::import_tunnel_success ... ok
test tunnel::tests::tunnel::list_tunnel_devices_anonymous_forbidden ... ok
test tunnel::tests::tunnel::list_tunnel_devices_returns_empty_for_known_tunnel ... ok
test tunnel::tests::tunnel::list_tunnel_devices_unknown_tunnel_returns_not_found ... ok
test tunnel::tests::tunnel::list_tunnels_anonymous_forbidden ... ok
test tunnel::tests::tunnel::list_tunnels_as_device_allowed ... ok
test tunnel::tests::tunnel::odd_count_takes_middle_and_sample_stddev ... ok
test tunnel::tests::tunnel::list_tunnels_returns_all ... ok
test tunnel::tests::tunnel::probe_latencies_emits_gauge_for_active_tunnel ... ok
test tunnel::tests::tunnel::probe_latencies_continues_after_single_failure ... ok
test tunnel::tests::tunnel::probe_latencies_skips_down_tunnels ... ok
test tunnel::tests::tunnel::probe_latencies_short_circuits_on_unsupported ... ok
test tunnel::tests::tunnel::rebuild_not_found ... ok
test tunnel::tests::tunnel::restore_tunnels_empty_db_succeeds ... ok
test tunnel::tests::tunnel::rebuild_success ... ok
test tunnel::tests::tunnel::restore_tunnels_succeeds ... ok
test tunnel::tests::tunnel::run_health_check_connecting_stays_connecting_without_handshake ... ok
test tunnel::tests::tunnel::run_health_check_connecting_to_up_on_handshake ... ok
test tunnel::tests::tunnel::run_health_check_iface_missing_flips_reconnecting_to_down ... ok
test tunnel::tests::tunnel::run_health_check_iface_missing_flips_up_to_down ... ok
test tunnel::tests::tunnel::run_health_check_no_active_tunnels_is_noop ... ok
test tunnel::tests::tunnel::run_health_check_reconnecting_to_up_on_recovery ... ok
test tunnel::tests::tunnel::run_health_check_reconnecting_within_threshold_no_recreate ... ok
test tunnel::tests::tunnel::run_health_check_up_to_reconnecting_when_handshake_absent ... ok
test tunnel::tests::tunnel::run_health_check_stuck_reconnecting_triggers_recreate ... ok
test tunnel::tests::tunnel::single_sample_has_no_jitter ... ok
test tunnel::tests::tunnel::tear_down_already_down_is_noop ... ok
test tunnel::tests::tunnel::run_health_check_up_to_reconnecting_when_handshake_stale ... ok
test tunnel::tests::tunnel::tear_down_anonymous_forbidden ... ok
test tunnel::tests::tunnel::tear_down_not_found ... ok
test tunnel::tests::tunnel::tear_down_internal_succeeds_without_admin_context ... ok
test tunnel::tests::tunnel::tear_down_success ... ok
test tunnel::tests::tunnel::test_tunnel_anonymous_forbidden ... ok
test tunnel::tests::tunnel::test_tunnel_get_stats_error_maps_to_internal ... ok
test tunnel::tests::tunnel::test_tunnel_leaves_up_when_was_up ... ok
test tunnel::tests::tunnel::test_tunnel_probe_connect_error_maps_to_upstream_unavailable ... ok
test tunnel::tests::speed_test::speed_test_persists_both_legs ... ok
test tunnel::tests::tunnel::test_tunnel_probe_parse_error_maps_to_upstream_unavailable ... ok
test tunnel::tests::tunnel::test_tunnel_probe_timeout_maps_to_upstream_unavailable ... ok
test tunnel::tests::tunnel::test_tunnel_probe_unsupported_maps_to_internal ... ok
test tunnel::tests::tunnel::test_tunnel_returns_result ... ok
test tunnel::tests::tunnel::test_tunnel_tears_down_when_was_down ... ok
test update::tests::fs_applier::apply_clears_stale_rollback_request ... ok
test update::tests::fs_applier::apply_logs_warning_when_postupgrade_swap_fails ... ok
test update::tests::fs_applier::apply_stages_pending_tarball_and_signature ... ok
test update::tests::fs_applier::apply_with_postupgrade_swaps_payload_and_stages_tarball ... ok
test update::tests::fs_applier::apply_without_postupgrade_pair_still_stages_tarball ... ok
test update::tests::fs_applier::corrupted_postupgrade_signature_aborts_apply ... ok
test update::tests::fs_applier::fs_error_during_apply_carries_failing_path ... ok
test update::tests::fs_applier::rollback_available_reflects_old_binary_existence ... ok
test update::tests::fs_applier::rollback_without_old_binary_returns_err ... ok
test update::tests::fs_applier::rollback_writes_request_marker_when_old_binary_present ... ok
test update::tests::runner::runner_performs_initial_check_on_start ... ok
test update::tests::runner::runner_shutdown_is_responsive ... ok
test update::tests::service::a_fresh_applied_marker_is_advertised ... ok
test update::tests::service::a_stale_applied_marker_is_not_advertised ... ok
test update::tests::service::auto_install_skipped_when_disabled ... ok
test update::tests::service::build_metadata_stripped_base_wins ... ok
test update::tests::service::calver_padded_components ... ok
test update::tests::service::calver_unpadded_compares_numerically ... ok
test update::tests::service::check_no_release_clears_latest ... ok
test update::tests::service::check_updates_last_known_version_and_emits_event ... ok
test update::tests::service::edge_ordering_is_a_one_way_ratchet ... ok
test update::tests::service::install_pipeline_requires_minisig_when_signature_required ... ok
test update::tests::service::install_pipeline_runs_signature_verifier_when_required ... ok
test update::tests::service::install_pipeline_warns_and_proceeds_without_minisig_when_optional ... ok
test update::tests::service::install_rejects_downgrade ... ok
test update::tests::service::malformed_returns_false ... ok
test update::tests::service::pre_release_ordering ... ok
test update::tests::service::reconcile_clears_pending_and_records_applied_when_new_binary_is_running ... ok
test update::tests::service::reconcile_is_a_noop_when_nothing_was_pending ... ok
test update::tests::service::reconcile_marks_failed_when_restart_came_back_on_the_old_binary ... ok
test update::tests::service::reconcile_requires_admin ... ok
test update::tests::service::rollback_retracts_the_applied_announcement ... ok
test update::tests::service::rollback_with_previous_records_history_and_emits_log ... ok
test update::tests::service::rollback_without_previous_fails ... ok
test update::tests::service::run_install_success_drives_pipeline_through_apply ... ok
test update::tests::service::run_install_with_failing_apply_records_anyhow_chain ... ok
test update::tests::service::semver_legacy_strings_still_compare ... ok
test update::tests::service::startup_gate_falls_back_to_beta_when_edge_flag_removed ... ok
test update::tests::service::startup_gate_leaves_edge_alone_when_flag_present ... ok
test update::tests::service::startup_gate_leaves_non_edge_channels_untouched ... ok
test update::tests::service::status_advertises_whether_edge_is_available ... ok
test update::tests::service::status_requires_admin ... ok
test update::tests::service::the_applied_phase_decays_to_idle_once_stale ... ok
test update::tests::service::update_config_accepts_edge_when_flag_set ... ok
test update::tests::service::update_config_persists_channel_and_auto_update ... ok
test update::tests::service::update_config_rejects_edge_when_flag_absent ... ok
test vpn::tests::nordvpn::extract_wg_public_key_missing_metadata ... ok
test vpn::tests::nordvpn::extract_wg_public_key_missing_tech ... ok
test vpn::tests::nordvpn::extract_wg_public_key_success ... ok
test vpn::tests::nordvpn::generate_config_api_key_error ... ok
test vpn::tests::nordvpn::generate_config_no_public_key ... ok
test vpn::tests::nordvpn::generate_config_no_wireguard_tech ... ok
test vpn::tests::nordvpn::generate_config_produces_valid_wireguard ... ok
test vpn::tests::nordvpn::generate_config_rejects_credentials_auth_via_api ... ok
test vpn::tests::nordvpn::generate_config_server_not_found ... ok
test vpn::tests::nordvpn::generate_config_uses_country_reference_server ... ok
test vpn::tests::nordvpn::get_server_by_hostname_returns_server ... ok
test vpn::tests::nordvpn::info_returns_correct_metadata ... ok
test vpn::tests::nordvpn::list_servers_case_insensitive_country_code ... ok
test vpn::tests::nordvpn::list_servers_converts_nord_servers ... ok
test vpn::tests::nordvpn::list_servers_filters_by_max_load ... ok
test vpn::tests::nordvpn::list_servers_handles_empty ... ok
test vpn::tests::nordvpn::list_servers_no_country_filter_skips_country_lookup ... ok
test vpn::tests::nordvpn::list_servers_resolves_country_code_to_id ... ok
test vpn::tests::nordvpn::list_servers_server_without_locations_has_empty_country_code ... ok
test vpn::tests::nordvpn::list_servers_uses_cached_country_list_on_repeated_calls ... ok
test vpn::tests::nordvpn::list_servers_with_unknown_country_code_passes_none ... ok
test vpn::tests::nordvpn::resolve_server_full_hostname ... ok
test vpn::tests::nordvpn::resolve_server_normalizes_short_hostname ... ok
test vpn::tests::nordvpn::resolve_server_not_found ... ok
test vpn::tests::nordvpn::validate_credentials_delegates_to_api ... ok
test vpn::tests::nordvpn::validate_credentials_propagates_error ... ok
test vpn::tests::nordvpn::validate_credentials_returns_false ... ok
test vpn::tests::provider::list_providers_anonymous_forbidden ... ok
test vpn::tests::provider::list_providers_device_forbidden ... ok
test vpn::tests::provider::list_providers_empty_when_no_providers ... ok
test vpn::tests::provider::list_providers_returns_registered_providers ... ok
test vpn::tests::provider::list_servers_anonymous_forbidden ... ok
test vpn::tests::provider::list_servers_success ... ok
test vpn::tests::provider::list_servers_unknown_provider ... ok
test vpn::tests::provider::setup_tunnel_anonymous_forbidden ... ok
test vpn::tests::provider::setup_tunnel_happy_path ... ok
test vpn::tests::provider::setup_tunnel_hostname_takes_precedence_over_server_id ... ok
test vpn::tests::provider::setup_tunnel_invalid_credentials ... ok
test vpn::tests::provider::setup_tunnel_no_servers_found ... ok
test vpn::tests::provider::setup_tunnel_server_id_not_found ... ok
test vpn::tests::provider::setup_tunnel_with_custom_label ... ok
test vpn::tests::provider::setup_tunnel_with_hostname_happy_path ... ok
test vpn::tests::provider::setup_tunnel_with_hostname_not_found ... ok
test vpn::tests::provider::setup_tunnel_with_hostname_unsupported_provider ... ok
test vpn::tests::provider::setup_tunnel_with_specific_server_id ... ok
test vpn::tests::provider::validate_credentials_anonymous_forbidden ... ok
test vpn::tests::provider::validate_credentials_api_error ... ok
test vpn::tests::provider::validate_credentials_invalid ... ok
test vpn::tests::provider::validate_credentials_success ... ok
test vpn::tests::provider::validate_credentials_unknown_provider ... ok
test vpn::tests::registry::get_returns_none_for_unknown_id ... ok
test vpn::tests::registry::list_returns_all_registered_providers ... ok
test vpn::tests::registry::new_with_nordvpn_api_url_override_registers_provider ... ok
test vpn::tests::registry::new_with_nordvpn_disabled_does_not_register ... ok
test vpn::tests::registry::new_with_nordvpn_enabled_registers_provider ... ok
test vpn::tests::registry::register_and_get ... ok
test vpn::tests::registry::register_overwrites_existing_provider ... ok
test vpn::tests::registry::resolve_rejects_invalid_hostname ... ok
test vpn::tests::registry::resolve_returns_empty_server_list_error ... ok
test vpn::tests::registry::resolve_returns_endpoint_and_name_for_valid_server ... ok
test vpn::tests::registry::resolve_returns_none_for_unknown_provider ... ok
test zone_enforcement::tests::service::apply_device_direct_only_zone_forbids_tunnel ... ok
test tunnel::tests::tunnel::test_tunnel_returns_conflict_when_test_in_flight ... ok
test zone_enforcement::tests::service::apply_device_maps_seed_zone_to_packet_policy ... ok
test zone_enforcement::tests::service::apply_zone_reapplies_only_its_members ... ok
test zone_enforcement::tests::service::apply_zone_unknown_zone_is_noop ... ok
test tunnel::tests::speed_test::speed_test_concurrent_run_returns_conflict ... ok
test zone_enforcement::tests::service::casting_exception_yields_bidirectional_allows ... ok
test zone_enforcement::tests::service::casting_exception_populates_deduped_nat_exempt_pairs ... ok
test zone_enforcement::tests::service::default_policy_flip_clamps_forbidden_binding ... ok
test zone_enforcement::tests::service::default_policy_flip_leaves_tunnel_only_zone_unclamped ... ok
test zone_enforcement::tests::service::default_policy_flip_to_direct_clamps_nothing ... ok
test zone_enforcement::tests::service::device_scoped_exception_pushes_switchback_slash32 ... ok
test zone_enforcement::tests::service::device_zone_change_repushes_switchback ... ok
test zone_enforcement::tests::service::dhcp_disabled_degrades_to_empty_isolation ... ok
test zone_enforcement::tests::service::gateway_alias_added_and_stale_alias_removed ... ok
test zone_enforcement::tests::service::handle_ip_change_rekeys_rules ... ok
test zone_enforcement::tests::service::handle_ip_change_never_touches_the_daemons_own_ip ... ok
test zone_enforcement::tests::service::handle_zone_change_never_touches_a_zone_gateway_alias ... ok
test zone_enforcement::tests::service::handle_zone_change_releases_lease_and_flushes_conntrack ... ok
test zone_enforcement::tests::service::handle_zone_change_never_touches_the_daemons_own_ip ... ok
test zone_enforcement::tests::service::identical_reconcile_cycles_rebuild_isolation_once ... ok
test zone_enforcement::tests::service::member_isolation_zone_sets_proxy_arp_and_host_route ... ok
test zone_enforcement::tests::service::identical_reconcile_pushes_switchback_once ... ok
test zone_enforcement::tests::service::reconcile_applies_all_devices_and_drops_orphans ... ok
test zone_enforcement::tests::service::reconcile_never_applies_rules_to_the_daemons_own_ip ... ok
test zone_enforcement::tests::service::reconcile_skips_devices_without_a_usable_ip ... ok
test zone_enforcement::tests::service::remove_device_never_touches_the_daemons_own_ip ... ok
test zone_enforcement::tests::service::remove_device_tears_down_rules ... ok
test zone_enforcement::tests::service::two_subnet_zones_deny_all_ordered_cross_subnet_pairs ... ok
test zone_enforcement::tests::service::zone_scoped_casting_exception_pushes_switchback_subnets ... ok
test zone_exception::tests::service::create_accepts_explicit_ports ... ok
test zone_exception::tests::service::create_accepts_mirroring_device_to_device ... ok
test zone_exception::tests::service::create_persists_and_emits_event ... ok
test zone_exception::tests::service::create_rejects_empty_ports ... ok
test zone_exception::tests::service::create_rejects_from_equals_to ... ok
test zone_exception::tests::service::create_rejects_full_range_ports_with_zone_endpoint ... ok
test zone_exception::tests::service::create_rejects_inverted_port_range ... ok
test zone_exception::tests::service::create_rejects_mirroring_with_zone_endpoint ... ok
test zone_exception::tests::service::create_rejects_missing_device_endpoint ... ok
test zone_exception::tests::service::create_rejects_missing_zone_endpoint ... ok
test zone_exception::tests::service::delete_removes_and_emits ... ok
test zone_exception::tests::service::create_rejects_zero_port ... ok
test zone_exception::tests::service::delete_unknown_is_404 ... ok
test tunnel::tests::tunnel::test_tunnel_handshake_timeout_returns_upstream_unavailable ... ok
test zone_exception::tests::service::every_method_rejects_non_admin ... ok
test zone_exception::tests::service::get_unknown_is_404 ... ok
test zone_exception::tests::service::list_returns_created_exceptions ... ok
test zone_exception::tests::service::update_applies_partial_fields_and_emits ... ok
test zone_exception::tests::service::update_rejects_invalid_new_endpoint ... ok
test zone_exception::tests::service::update_unknown_is_404 ... ok

test result: ok. 1378 passed; 0 failed; 0 ignored; 0 measured; 0 filtered out; finished in 49.95s

     Running unittests src/main.rs (target/llvm-cov-target/debug/deps/wctl-a65d60b951ebccbf)

running 0 tests

test result: ok. 0 passed; 0 failed; 0 ignored; 0 measured; 0 filtered out; finished in 0.00s

Filename                                                     Regions    Missed Regions     Cover   Functions  Missed Functions  Executed       Lines      Missed Lines     Cover    Branches   Missed Branches     Cover
------------------------------------------------------------------------------------------------------------------------------------------------------------------------------------------------------------------------
wardnet-common/src/api.rs                                         94                 2    97.87%           9                 0   100.00%          77                 2    97.40%           0                 0         -
wardnet-common/src/auth.rs                                        10                 0   100.00%           2                 0   100.00%           8                 0   100.00%           0                 0         -
wardnet-common/src/backup.rs                                      17                 6    64.71%           3                 1    66.67%          24                 6    75.00%           0                 0         -
wardnet-common/src/config.rs                                     156                 7    95.51%          25                 1    96.00%         208                 2    99.04%           0                 0         -
wardnet-common/src/dns.rs                                        121                 0   100.00%           9                 0   100.00%         119                 0   100.00%           0                 0         -
wardnet-common/src/dns_filter.rs                                   7                 0   100.00%           2                 0   100.00%          14                 0   100.00%           0                 0         -
wardnet-common/src/jobs.rs                                         4                 0   100.00%           1                 0   100.00%           3                 0   100.00%           0                 0         -
wardnet-common/src/net.rs                                         65                 4    93.85%           6                 0   100.00%          41                 2    95.12%           0                 0         -
wardnet-common/src/network_zone.rs                                15                 0   100.00%           3                 0   100.00%          14                 0   100.00%           0                 0         -
wardnet-common/src/routing.rs                                      8                 1    87.50%           1                 0   100.00%           7                 1    85.71%           0                 0         -
wardnet-common/src/routing_profile.rs                            110                 1    99.09%          10                 0   100.00%          62                 1    98.39%           0                 0         -
wardnet-common/src/rule_request.rs                                29                 1    96.55%           5                 0   100.00%          25                 0   100.00%           0                 0         -
wardnet-common/src/serde_util.rs                                   5                 1    80.00%           1                 0   100.00%           6                 0   100.00%           0                 0         -
wardnet-common/src/trackers.rs                                    36                 0   100.00%           4                 0   100.00%          24                 0   100.00%           0                 0         -
wardnet-common/src/update.rs                                      35                 6    82.86%           4                 0   100.00%          28                 5    82.14%           0                 0         -
wardnet-common/src/vpn_provider.rs                                16                 0   100.00%           1                 0   100.00%          12                 0   100.00%           0                 0         -
wardnet-common/src/wireguard_config.rs                           206                11    94.66%          10                 0   100.00%         135                 5    96.30%           0                 0         -
wardnet-common/src/zone_exception.rs                              29                 0   100.00%           3                 0   100.00%          65                 0   100.00%           0                 0         -
wardnet-postupgrade-runner/src/exec.rs                            72                 3    95.83%           4                 0   100.00%          37                 3    91.89%           0                 0         -
wardnet-postupgrade-runner/src/lib.rs                             80                 5    93.75%           3                 0   100.00%          48                 3    93.75%           0                 0         -
wardnet-postupgrade-runner/src/state.rs                          119                18    84.87%          10                 2    80.00%          76                 9    88.16%           0                 0         -
wardnet-postupgrade-runner/src/swap.rs                           220                49    77.73%          20                10    50.00%         129                26    79.84%           0                 0         -
wardnet-postupgrade-runner/src/verify.rs                          55                 1    98.18%           3                 0   100.00%          27                 0   100.00%           0                 0         -
wardnet-postupgrade/src/migrations.rs                              3                 0   100.00%           1                 0   100.00%          17                 0   100.00%           0                 0         -
wardnet-postupgrade/src/runner.rs                                 60                 4    93.33%           2                 0   100.00%          40                 0   100.00%           0                 0         -
wardnet-postupgrade/src/state.rs                                 104                20    80.77%           9                 3    66.67%          50                 5    90.00%           0                 0         -
wardnet-postupgrade/src/up/mod.rs                                  4                 4     0.00%           1                 1     0.00%           3                 3     0.00%           0                 0         -
wardnet-postupgrade/src/up/polkit.rs                             105                38    63.81%          13                10    23.08%          48                10    79.17%           0                 0         -
wardnetd-api/src/api/auth.rs                                      80                 5    93.75%          11                 1    90.91%          67                 1    98.51%           0                 0         -
wardnetd-api/src/api/backup.rs                                   114                10    91.23%          18                 3    83.33%          96                 3    96.88%           0                 0         -
wardnetd-api/src/api/ddns.rs                                     143                31    78.32%          20                 2    90.00%         132                15    88.64%           0                 0         -
wardnetd-api/src/api/devices.rs                                  261                16    93.87%          23                 1    95.65%         208                 1    99.52%           0                 0         -
wardnetd-api/src/api/dhcp.rs                                     127                32    74.80%          21                 2    90.48%         111                19    82.88%           0                 0         -
wardnetd-api/src/api/dns.rs                                       95                82    13.68%          13                12     7.69%          81                73     9.88%           0                 0         -
wardnetd-api/src/api/dns_capture.rs                               42                 1    97.62%           7                 0   100.00%          40                 0   100.00%           0                 0         -
wardnetd-api/src/api/dns_events.rs                               180                22    87.78%          12                 4    66.67%         126                13    89.68%           0                 0         -
wardnetd-api/src/api/dns_filter.rs                               202                22    89.11%          45                 0   100.00%         255                 0   100.00%           0                 0         -
wardnetd-api/src/api/dns_local.rs                                135                16    88.15%          33                 0   100.00%         147                 0   100.00%           0                 0         -
wardnetd-api/src/api/dns_log_ws.rs                               103                62    39.81%           8                 5    37.50%          78                42    46.15%           0                 0         -
wardnetd-api/src/api/health.rs                                    36                 0   100.00%           5                 0   100.00%          26                 0   100.00%           0                 0         -
wardnetd-api/src/api/inbound_wg.rs                                86                 8    90.70%          15                 0   100.00%          78                 1    98.72%           0                 0         -
wardnetd-api/src/api/info.rs                                      18                 0   100.00%           3                 0   100.00%          13                 0   100.00%           0                 0         -
wardnetd-api/src/api/jobs.rs                                      14                 0   100.00%           4                 0   100.00%          17                 0   100.00%           0                 0         -
wardnetd-api/src/api/logs_ws.rs                                   89                62    30.34%           6                 1    83.33%          59                39    33.90%           0                 0         -
wardnetd-api/src/api/middleware.rs                               227                 8    96.48%          23                 0   100.00%         157                 0   100.00%           0                 0         -
wardnetd-api/src/api/network.rs                                   34                 0   100.00%           7                 0   100.00%          31                 0   100.00%           0                 0         -
wardnetd-api/src/api/network_zone.rs                              69                 7    89.86%          15                 0   100.00%          79                 0   100.00%           0                 0         -
wardnetd-api/src/api/private_dns.rs                              199                20    89.95%          21                 0   100.00%         166                 4    97.59%           0                 0         -
wardnetd-api/src/api/providers.rs                                 60                13    78.33%          11                 2    81.82%          58                 9    84.48%           0                 0         -
wardnetd-api/src/api/push.rs                                      61                 4    93.44%          12                 0   100.00%          66                 0   100.00%           0                 0         -
wardnetd-api/src/api/routing_profiles.rs                         123                36    70.73%          23                 6    73.91%         160                37    76.88%           0                 0         -
wardnetd-api/src/api/rule_requests.rs                             49                 3    93.88%           9                 0   100.00%          51                 0   100.00%           0                 0         -
wardnetd-api/src/api/setup.rs                                     38                 2    94.74%           7                 0   100.00%          48                 0   100.00%           0                 0         -
wardnetd-api/src/api/stats.rs                                     25                18    28.00%           5                 4    20.00%          24                21    12.50%           0                 0         -
wardnetd-api/src/api/system.rs                                   103                 1    99.03%          20                 0   100.00%         113                 0   100.00%           0                 0         -
wardnetd-api/src/api/tls.rs                                       11                 1    90.91%           3                 0   100.00%          10                 0   100.00%           0                 0         -
wardnetd-api/src/api/tunnels.rs                                  109                 5    95.41%          21                 0   100.00%         104                 0   100.00%           0                 0         -
wardnetd-api/src/api/update.rs                                    64                49    23.44%          14                13     7.14%          59                50    15.25%           0                 0         -
wardnetd-api/src/api/users.rs                                     13                 0   100.00%           3                 0   100.00%          11                 0   100.00%           0                 0         -
wardnetd-api/src/api/zone_exception.rs                            51                 5    90.20%          11                 0   100.00%          59                 0   100.00%           0                 0         -
wardnetd-api/src/bin/dump_openapi.rs                              10                10     0.00%           1                 1     0.00%           6                 6     0.00%           0                 0         -
wardnetd-api/src/lib.rs                                            6                 0   100.00%           1                 0   100.00%           4                 0   100.00%           0                 0         -
wardnetd-api/src/openapi.rs                                       14                 0   100.00%           1                 0   100.00%          12                 0   100.00%           0                 0         -
wardnetd-api/src/state.rs                                        271                82    69.74%          80                36    55.00%         319                89    72.10%           0                 0         -
wardnetd-data/src/bootstrap.rs                                    66                10    84.85%           6                 1    83.33%          46                 1    97.83%           0                 0         -
wardnetd-data/src/database_dumper.rs                              45                24    46.67%          16                 8    50.00%          45                22    51.11%           0                 0         -
wardnetd-data/src/oui.rs                                          94                 3    96.81%           3                 0   100.00%          66                 0   100.00%           0                 0         -
wardnetd-data/src/repository/inbound_wg.rs                         5                 5     0.00%           1                 1     0.00%           3                 3     0.00%           0                 0         -
wardnetd-data/src/repository/private_dns.rs                        5                 0   100.00%           1                 0   100.00%           3                 0   100.00%           0                 0         -
wardnetd-data/src/repository/sqlite/admin.rs                      18                 0   100.00%           7                 0   100.00%          16                 0   100.00%           0                 0         -
wardnetd-data/src/repository/sqlite/api_key.rs                    14                 0   100.00%           5                 0   100.00%          12                 0   100.00%           0                 0         -
wardnetd-data/src/repository/sqlite/device.rs                    111                14    87.39%          29                 4    86.21%          87                 7    91.95%           0                 0         -
wardnetd-data/src/repository/sqlite/dhcp.rs                      113                17    84.96%          22                 0   100.00%          82                 2    97.56%           0                 0         -
wardnetd-data/src/repository/sqlite/dns.rs                        76                 0   100.00%           8                 0   100.00%          51                 0   100.00%           0                 0         -
wardnetd-data/src/repository/sqlite/dns_events.rs                 27                 0   100.00%          10                 0   100.00%          25                 0   100.00%           0                 0         -
wardnetd-data/src/repository/sqlite/dns_filter.rs                223                22    90.13%          47                 2    95.74%         170                 2    98.82%           0                 0         -
wardnetd-data/src/repository/sqlite/dns_local.rs                 170                29    82.94%          34                 1    97.06%         125                11    91.20%           0                 0         -
wardnetd-data/src/repository/sqlite/inbound_wg.rs                 37                 3    91.89%          11                 1    90.91%          37                 3    91.89%           0                 0         -
wardnetd-data/src/repository/sqlite/maintenance.rs                16                 0   100.00%           6                 0   100.00%          14                 0   100.00%           0                 0         -
wardnetd-data/src/repository/sqlite/network_zone.rs               80                 7    91.25%          20                 2    90.00%          56                 2    96.43%           0                 0         -
wardnetd-data/src/repository/sqlite/notification.rs               22                 0   100.00%           6                 0   100.00%          23                 0   100.00%           0                 0         -
wardnetd-data/src/repository/sqlite/private_dns.rs                32                 1    96.88%          10                 0   100.00%          32                 1    96.88%           0                 0         -
wardnetd-data/src/repository/sqlite/push.rs                       28                 0   100.00%           9                 0   100.00%          29                 0   100.00%           0                 0         -
wardnetd-data/src/repository/sqlite/routing_profile.rs            95                13    86.32%          24                 2    91.67%          65                 2    96.92%           0                 0         -
wardnetd-data/src/repository/sqlite/rule_request.rs               28                 0   100.00%           7                 0   100.00%          27                 0   100.00%           0                 0         -
wardnetd-data/src/repository/sqlite/session.rs                    22                 2    90.91%           9                 1    88.89%          20                 2    90.00%           0                 0         -
wardnetd-data/src/repository/sqlite/stats.rs                      52                 0   100.00%          18                 0   100.00%          62                 0   100.00%           0                 0         -
wardnetd-data/src/repository/sqlite/system_config.rs              88                 7    92.05%          23                 2    91.30%          72                 4    94.44%           0                 0         -
wardnetd-data/src/repository/sqlite/tunnel.rs                    107                15    85.98%          18                 3    83.33%          80                 4    95.00%           0                 0         -
wardnetd-data/src/repository/sqlite/tunnel_speed_test.rs          26                 3    88.46%           5                 0   100.00%          21                 0   100.00%           0                 0         -
wardnetd-data/src/repository/sqlite/update.rs                     43                 4    90.70%          10                 1    90.00%          34                 1    97.06%           0                 0         -
wardnetd-data/src/repository/sqlite/zone_exception.rs             91                14    84.62%          12                 0   100.00%          50                 3    94.00%           0                 0         -
wardnetd-data/src/repository/system_config.rs                     55                11    80.00%          28                 6    78.57%          54                11    79.63%           0                 0         -
wardnetd-data/src/secret_store.rs                                141                 9    93.62%          21                 1    95.24%          95                 5    94.74%           0                 0         -
wardnetd-mock/src/seed.rs                                        928                39    95.80%          13                 0   100.00%         682                12    98.24%           0                 0         -
../build-support/version.rs                                      122                 9    92.62%          11                 1    90.91%          71                 7    90.14%           0                 0         -
wardnetd-services/src/auth/service.rs                             61                 7    88.52%          28                 4    85.71%          61                 6    90.16%           0                 0         -
wardnetd-services/src/auth/session_cleanup_runner.rs              62                 1    98.39%           6                 0   100.00%          42                 0   100.00%           0                 0         -
wardnetd-services/src/backup/archiver.rs                         289                42    85.47%          30                18    40.00%         162                22    86.42%           0                 0         -
wardnetd-services/src/backup/runner.rs                            64                 9    85.94%           7                 0   100.00%          48                 5    89.58%           0                 0         -
wardnetd-services/src/backup/service.rs                          505               134    73.47%          51                16    68.63%         432               104    75.93%           0                 0         -
wardnetd-services/src/cloud/ddns.rs                               89                 9    89.89%          18                 2    88.89%          87                 2    97.70%           0                 0         -
wardnetd-services/src/cloud/identity.rs                           89                 4    95.51%          11                 0   100.00%          57                 0   100.00%           0                 0         -
wardnetd-services/src/cloud/pop.rs                                23                 0   100.00%           2                 0   100.00%          20                 0   100.00%           0                 0         -
wardnetd-services/src/cloud/request.rs                            96                12    87.50%           9                 2    77.78%          65                 7    89.23%           0                 0         -
wardnetd-services/src/cloud/tenants.rs                           162                25    84.57%          19                 4    78.95%         147                 4    97.28%           0                 0         -
wardnetd-services/src/cloud/tunneller.rs                         148                18    87.84%          14                 5    64.29%          85                 7    91.76%           0                 0         -
wardnetd-services/src/cloud/tunneller_runner.rs                  434                91    79.03%          30                 0   100.00%         291                60    79.38%           0                 0         -
wardnetd-services/src/db_busy.rs                                  37                14    62.16%           3                 0   100.00%          28                 6    78.57%           0                 0         -
wardnetd-services/src/db_maintenance_runner.rs                   128                 1    99.22%          16                 0   100.00%          91                 0   100.00%           0                 0         -
wardnetd-services/src/ddns/cloudflare.rs                         256                20    92.19%          32                 3    90.62%         205                 4    98.05%           0                 0         -
wardnetd-services/src/ddns/doh.rs                                 33                 4    87.88%           4                 0   100.00%          26                 1    96.15%           0                 0         -
wardnetd-services/src/ddns/mod.rs                                419                78    81.38%          72                16    77.78%         308                44    85.71%           0                 0         -
wardnetd-services/src/ddns/public_ip.rs                           53                13    75.47%           7                 3    57.14%          37                 8    78.38%           0                 0         -
wardnetd-services/src/ddns/region.rs                              80                 3    96.25%           7                 0   100.00%          56                 3    94.64%           0                 0         -
wardnetd-services/src/ddns/runner.rs                              75                 7    90.67%           9                 0   100.00%          50                 4    92.00%           0                 0         -
wardnetd-services/src/device/discovery.rs                        361                21    94.18%          53                 7    86.79%         303                16    94.72%           0                 0         -
wardnetd-services/src/device/ip_snapshot.rs                       43                 0   100.00%           4                 0   100.00%          27                 0   100.00%           0                 0         -
wardnetd-services/src/device/service.rs                          117                21    82.05%          34                 8    76.47%         125                18    85.60%           0                 0         -
wardnetd-services/src/dhcp/runner.rs                              83                 7    91.57%           5                 0   100.00%          59                 4    93.22%           0                 0         -
wardnetd-services/src/dhcp/service.rs                            549                40    92.71%          72                 4    94.44%         460                19    95.87%           0                 0         -
wardnetd-services/src/diagnostics/listener.rs                     48                 3    93.75%           5                 0   100.00%          36                 2    94.44%           0                 0         -
wardnetd-services/src/diagnostics/mod.rs                          82                 0   100.00%           8                 0   100.00%          99                 0   100.00%           0                 0         -
wardnetd-services/src/dns/authoritative.rs                       369                32    91.33%          31                 3    90.32%         210                16    92.38%           0                 0         -
wardnetd-services/src/dns/cache.rs                               378                34    91.01%          27                 0   100.00%         210                 5    97.62%           0                 0         -
wardnetd-services/src/dns/capture_runner.rs                      190                26    86.32%          10                 0   100.00%         156                19    87.82%           0                 0         -
wardnetd-services/src/dns/cron_parse.rs                           16                 0   100.00%           1                 0   100.00%           8                 0   100.00%           0                 0         -
wardnetd-services/src/dns/dhcp_lan_runner.rs                     127                15    88.19%           8                 0   100.00%          87                12    86.21%           0                 0         -
wardnetd-services/src/dns/filter_parser.rs                       379                25    93.40%          18                 1    94.44%         229                14    93.89%           0                 0         -
wardnetd-services/src/dns/log_sink.rs                            181                12    93.37%          12                 0   100.00%         131                12    90.84%           0                 0         -
wardnetd-services/src/dns/query_log_runner.rs                    215                36    83.26%          14                 1    92.86%         159                30    81.13%           0                 0         -
wardnetd-services/src/dns/response.rs                             26                 1    96.15%           2                 0   100.00%          18                 1    94.44%           0                 0         -
wardnetd-services/src/dns/runner.rs                              162                56    65.43%           7                 0   100.00%         102                36    64.71%           0                 0         -
wardnetd-services/src/dns/server.rs                                3                 3     0.00%           1                 1     0.00%           3                 3     0.00%           0                 0         -
wardnetd-services/src/dns/service.rs                             253                84    66.80%          41                16    60.98%         194                53    72.68%           0                 0         -
wardnetd-services/src/dns_filter/blocklist_downloader.rs         123                15    87.80%           6                 1    83.33%          79                 8    89.87%           0                 0         -
wardnetd-services/src/dns_filter/device_context.rs                35                 1    97.14%           3                 0   100.00%          22                 0   100.00%           0                 0         -
wardnetd-services/src/dns_filter/filter.rs                       260                 1    99.62%          24                 0   100.00%         171                 1    99.42%           0                 0         -
wardnetd-services/src/dns_filter/filter_profile.rs                33                 1    96.97%           3                 0   100.00%          19                 0   100.00%           0                 0         -
wardnetd-services/src/dns_filter/runner.rs                       195                35    82.05%          10                 1    90.00%         127                26    79.53%           0                 0         -
wardnetd-services/src/dns_filter/service.rs                      564                91    83.87%          82                 9    89.02%         457                60    86.87%           0                 0         -
wardnetd-services/src/dns_local/service.rs                       167                28    83.23%          46                 8    82.61%         158                26    83.54%           0                 0         -
wardnetd-services/src/entitlement.rs                              92                13    85.87%           9                 1    88.89%          60                 6    90.00%           0                 0         -
wardnetd-services/src/error.rs                                    31                 3    90.32%           1                 0   100.00%          36                 7    80.56%           0                 0         -
wardnetd-services/src/event.rs                                    13                 0   100.00%           3                 0   100.00%          10                 0   100.00%           0                 0         -
wardnetd-services/src/health/checks.rs                            41                 6    85.37%          15                 2    86.67%          50                 6    88.00%           0                 0         -
wardnetd-services/src/health/mod.rs                              122                 1    99.18%          12                 0   100.00%          96                 1    98.96%           0                 0         -
wardnetd-services/src/inbound_wg/key_store.rs                     10                 7    30.00%           5                 4    20.00%          10                 7    30.00%           0                 0         -
wardnetd-services/src/inbound_wg/keygen.rs                        13                 0   100.00%           1                 0   100.00%           9                 0   100.00%           0                 0         -
wardnetd-services/src/inbound_wg/service.rs                      253                34    86.56%          38                 8    78.95%         227                21    90.75%           0                 0         -
wardnetd-services/src/jobs.rs                                     90                22    75.56%          11                 1    90.91%          67                12    82.09%           0                 0         -
wardnetd-services/src/lib.rs                                     548                21    96.17%          17                 3    82.35%         480                10    97.92%           0                 0         -
wardnetd-services/src/logging/service.rs                         155                 8    94.84%          32                 4    87.50%         118                 9    92.37%           0                 0         -
wardnetd-services/src/logging/stream.rs                          207                17    91.79%          21                 1    95.24%         140                10    92.86%           0                 0         -
wardnetd-services/src/logging/suppress.rs                         22                 0   100.00%           4                 0   100.00%          14                 0   100.00%           0                 0         -
wardnetd-services/src/maintenance.rs                               9                 0   100.00%           4                 0   100.00%           9                 0   100.00%           0                 0         -
wardnetd-services/src/network_zone/service.rs                    186                22    88.17%          32                 1    96.88%         190                15    92.11%           0                 0         -
wardnetd-services/src/private_dns/mod.rs                         187                26    86.10%          35                 7    80.00%         164                19    88.41%           0                 0         -
wardnetd-services/src/private_dns/profile.rs                     200                27    86.50%          11                 5    54.55%         113                 9    92.04%           0                 0         -
wardnetd-services/src/private_dns/runner.rs                      127                12    90.55%           9                 0   100.00%          91                 8    91.21%           0                 0         -
wardnetd-services/src/push/listener.rs                            58                58     0.00%           7                 7     0.00%          44                44     0.00%           0                 0         -
wardnetd-services/src/push/mod.rs                                224                18    91.96%          29                 2    93.10%         163                 8    95.09%           0                 0         -
wardnetd-services/src/push/sender.rs                             152                20    86.84%          20                 9    55.00%         102                 9    91.18%           0                 0         -
wardnetd-services/src/request_context.rs                          41                 0   100.00%           8                 0   100.00%          24                 0   100.00%           0                 0         -
wardnetd-services/src/routing/service.rs                         493                65    86.82%          61                 5    91.80%         355                42    88.17%           0                 0         -
wardnetd-services/src/routing_profile/runner.rs                   81                81     0.00%           5                 5     0.00%          53                53     0.00%           0                 0         -
wardnetd-services/src/routing_profile/service.rs                 101                52    48.51%          26                 9    65.38%          95                47    50.53%           0                 0         -
wardnetd-services/src/routing_profile/view.rs                     18                 0   100.00%           3                 0   100.00%          13                 0   100.00%           0                 0         -
wardnetd-services/src/rule_request/service.rs                     32                 3    90.62%          11                 1    90.91%          31                 2    93.55%           0                 0         -
wardnetd-services/src/stats/buffer.rs                             60                 3    95.00%           6                 1    83.33%          39                 5    87.18%           0                 0         -
wardnetd-services/src/stats/flush_runner.rs                      108                11    89.81%          11                 1    90.91%          90                12    86.67%           0                 0         -
wardnetd-services/src/stats/meter.rs                              31                 0   100.00%           6                 0   100.00%          24                 0   100.00%           0                 0         -
wardnetd-services/src/stats/service.rs                           145                16    88.97%          20                 3    85.00%          99                 3    96.97%           0                 0         -
wardnetd-services/src/subnet.rs                                   45                 3    93.33%           5                 0   100.00%          27                 3    88.89%           0                 0         -
wardnetd-services/src/system/service.rs                          127                21    83.46%          27                 5    81.48%         113                16    85.84%           0                 0         -
wardnetd-services/src/tls/acme.rs                                233               217     6.87%          15                14     6.67%         132               122     7.58%           0                 0         -
wardnetd-services/src/tls/mod.rs                                 268               122    54.48%          40                13    67.50%         210                89    57.62%           0                 0         -
wardnetd-services/src/tls/runner.rs                              130                24    81.54%          10                 0   100.00%          97                17    82.47%           0                 0         -
wardnetd-services/src/tunnel/key_store.rs                         16                 0   100.00%           7                 0   100.00%          16                 0   100.00%           0                 0         -
wardnetd-services/src/tunnel/service.rs                          729                78    89.30%          85                14    83.53%         602                45    92.52%           0                 0         -
wardnetd-services/src/update/fs_applier.rs                       279                45    83.87%          34                11    67.65%         160                17    89.38%           0                 0         -
wardnetd-services/src/update/https_verifier.rs                    11                11     0.00%           7                 7     0.00%          11                11     0.00%           0                 0         -
wardnetd-services/src/update/manifest.rs                          25                25     0.00%           5                 5     0.00%          24                24     0.00%           0                 0         -
wardnetd-services/src/update/mod.rs                               10                10     0.00%           1                 1     0.00%           6                 6     0.00%           0                 0         -
wardnetd-services/src/update/runner.rs                            97                14    85.57%           8                 0   100.00%          60                 9    85.00%           0                 0         -
wardnetd-services/src/update/service.rs                          646               111    82.82%          72                15    79.17%         500                67    86.60%           0                 0         -
wardnetd-services/src/vpn/nordvpn.rs                             156                24    84.62%          38                 9    76.32%         141                23    83.69%           0                 0         -
wardnetd-services/src/vpn/provider.rs                              2                 2     0.00%           1                 1     0.00%           2                 2     0.00%           0                 0         -
wardnetd-services/src/vpn/registry.rs                             63                 0   100.00%           9                 0   100.00%          35                 0   100.00%           0                 0         -
wardnetd-services/src/vpn/service.rs                              28                 4    85.71%          13                 2    84.62%          32                 3    90.62%           0                 0         -
wardnetd-services/src/zone_enforcement/service.rs                652                80    87.73%          53                 3    94.34%         476                53    88.87%           0                 0         -
wardnetd-services/src/zone_exception/service.rs                   97                 3    96.91%          16                 0   100.00%         106                 0   100.00%           0                 0         -
wardnetd/src/device_detector.rs                                  314                29    90.76%          19                 0   100.00%         238                23    90.34%           0                 0         -
wardnetd/src/device_snapshot_listener.rs                          71                 8    88.73%           9                 0   100.00%          53                 6    88.68%           0                 0         -
wardnetd/src/dhcp/server.rs                                      412                69    83.25%          31                10    67.74%         274                53    80.66%           0                 0         -
wardnetd/src/dns/dot.rs                                          485                32    93.40%          28                 0   100.00%         298                22    92.62%           0                 0         -
wardnetd/src/dns/pipeline.rs                                    1659               313    81.13%          63                12    80.95%        1250               169    86.48%           0                 0         -
wardnetd/src/dns/rate_limit.rs                                    76                12    84.21%           6                 1    83.33%          43                 7    83.72%           0                 0         -
wardnetd/src/dns/reply_capture.rs                                 10                 0   100.00%           3                 0   100.00%           8                 0   100.00%           0                 0         -
wardnetd/src/dns/server.rs                                       561                48    91.44%          57                 9    84.21%         416                44    89.42%           0                 0         -
wardnetd/src/entitlement_listener.rs                              97                97     0.00%          13                13     0.00%          81                81     0.00%           0                 0         -
wardnetd/src/garp_learning.rs                                     29                 3    89.66%           2                 0   100.00%          19                 0   100.00%           0                 0         -
wardnetd/src/health_runner.rs                                     44                 1    97.73%           6                 0   100.00%          27                 0   100.00%           0                 0         -
wardnetd/src/heartbeat.rs                                         63                 6    90.48%           6                 1    83.33%          37                 3    91.89%           0                 0         -
wardnetd/src/hostname_resolver.rs                                 67                21    68.66%           5                 0   100.00%          43                10    76.74%           0                 0         -
wardnetd/src/inbound_wg_interface_wireguard.rs                    27                17    37.04%          11                 8    27.27%          34                17    50.00%           0                 0         -
wardnetd/src/metrics_collector.rs                                269                14    94.80%          16                 0   100.00%         199                 7    96.48%           0                 0         -
wardnetd/src/packet_capture_pnet.rs                              294               110    62.59%          28                15    46.43%         198                70    64.65%           0                 0         -
wardnetd/src/pidfile.rs                                           18                 2    88.89%           2                 0   100.00%          17                 4    76.47%           0                 0         -
wardnetd/src/profiling.rs                                         37                 8    78.38%           2                 0   100.00%          32                 7    78.12%           0                 0         -
wardnetd/src/reqwest_client.rs                                    10                10     0.00%           1                 1     0.00%           6                 6     0.00%           0                 0         -
wardnetd/src/routing_listener.rs                                 155                 3    98.06%           7                 0   100.00%         129                 2    98.45%           0                 0         -
wardnetd/src/system/proc_net_inspector.rs                         69                11    84.06%           7                 2    71.43%          51                 9    82.35%           0                 0         -
wardnetd/src/system/systemctl_power_ops.rs                        25                 0   100.00%           6                 0   100.00%          26                 0   100.00%           0                 0         -
wardnetd/src/tls_server.rs                                       284               102    64.08%          31                 9    70.97%         204                68    66.67%           0                 0         -
wardnetd/src/tunnel_idle.rs                                      178                83    53.37%           9                 0   100.00%         137                65    52.55%           0                 0         -
wardnetd/src/tunnel_interface_wireguard.rs                        49                16    67.35%          11                 8    27.27%          38                15    60.53%           0                 0         -
wardnetd/src/tunnel_monitor.rs                                   108                 1    99.07%           9                 0   100.00%          78                 0   100.00%           0                 0         -
wardnetd/src/watchdog/hard.rs                                     47                 1    97.87%           5                 0   100.00%          39                 0   100.00%           0                 0         -
wardnetd/src/watchdog/soft.rs                                     76                11    85.53%          11                 2    81.82%          59                 6    89.83%           0                 0         -
wardnetd/src/wireguard_interface.rs                               48                12    75.00%           6                 1    83.33%          35                11    68.57%           0                 0         -
wardnetd/src/zone_enforcement_listener.rs                        107                 6    94.39%           9                 0   100.00%          82                 5    93.90%           0                 0         -
------------------------------------------------------------------------------------------------------------------------------------------------------------------------------------------------------------------------
TOTAL                                                          29242              4542    84.47%        3387               563    83.38%       22537              2861    87.31%           0                 0         -
COV-EXIT:0
